id;jml_suara;paslon_id;tps_id
1;165;2;1
2;146;2;2
3;165;2;3
4;129;2;4
5;71;2;5
6;120;2;6
7;99;2;7
8;141;2;8
9;93;2;9
10;114;2;10
11;93;2;11
12;144;2;12
13;138;2;13
14;151;2;14
15;104;2;15
16;118;2;16
17;87;2;17
18;68;2;18
19;120;2;19
20;199;2;20
21;126;2;21
22;134;2;22
23;97;2;23
24;104;2;24
25;114;2;25
26;85;2;26
27;59;2;27
28;227;2;28
29;173;2;29
30;119;2;30
31;91;2;31
32;120;2;32
33;88;2;33
34;56;2;34
35;115;2;35
36;108;2;36
37;137;2;37
38;156;2;38
39;161;2;39
40;128;2;40
41;129;2;41
42;156;2;42
43;105;2;43
44;128;2;44
45;62;2;45
46;104;2;46
47;143;2;47
48;152;2;48
49;151;2;49
50;158;2;50
51;133;2;51
52;125;2;52
53;122;2;53
54;125;2;54
55;131;2;55
56;121;2;56
57;138;2;57
58;141;2;58
59;138;2;59
60;117;2;60
61;223;2;61
62;122;2;62
63;88;2;63
64;105;2;64
65;101;2;65
66;133;2;66
67;109;2;67
68;104;2;68
69;85;2;69
70;90;2;70
71;108;2;71
72;137;2;72
73;122;2;73
74;84;2;74
75;178;2;75
76;142;2;76
77;139;2;77
78;109;2;78
79;185;2;79
80;140;2;80
81;108;2;81
82;173;2;82
83;363;2;83
84;341;2;84
85;240;2;85
86;208;2;86
87;241;2;87
88;212;2;88
89;283;2;89
90;266;2;90
91;230;2;91
92;317;2;92
93;269;2;93
94;174;2;94
95;132;2;95
96;112;2;96
97;118;2;97
98;148;2;98
99;85;2;99
100;137;2;100
101;157;2;101
102;138;2;102
103;120;2;103
104;137;2;104
105;220;2;105
106;102;2;106
107;163;2;107
108;127;2;108
109;134;2;109
110;156;2;110
111;139;2;111
112;151;2;112
113;82;2;113
114;151;2;114
115;187;2;115
116;207;2;116
117;158;2;117
118;219;2;118
119;205;2;119
120;169;2;120
121;102;2;121
122;190;2;122
123;206;2;123
124;178;2;124
125;133;2;125
126;111;2;126
127;138;2;127
128;184;2;128
129;150;2;129
130;146;2;130
131;156;2;131
132;174;2;132
133;205;2;133
134;158;2;134
135;124;2;135
136;125;2;136
137;377;2;137
138;122;2;138
139;102;2;139
140;124;2;140
141;168;2;141
142;198;2;142
143;208;2;143
144;161;2;144
145;156;2;145
146;201;2;146
147;116;2;147
148;68;2;148
149;107;2;149
150;89;2;150
151;140;2;151
152;146;2;152
153;123;2;153
154;132;2;154
155;118;2;155
156;121;2;156
157;133;2;157
158;127;2;158
159;141;2;159
160;100;2;160
161;94;2;161
162;99;2;162
163;106;2;163
164;145;2;164
165;133;2;165
166;118;2;166
167;148;2;167
168;201;2;168
169;83;2;169
170;126;2;170
171;163;2;171
172;151;2;172
173;93;2;173
174;129;2;174
175;185;2;175
176;98;2;176
177;101;2;177
178;106;2;178
179;93;2;179
180;139;2;180
181;127;2;181
182;103;2;182
183;128;2;183
184;115;2;184
185;120;2;185
186;131;2;186
187;143;2;187
188;134;2;188
189;87;2;189
190;177;2;190
191;132;2;191
192;140;2;192
193;147;2;193
194;135;2;194
195;146;2;195
196;139;2;196
197;110;2;197
198;162;2;198
199;155;2;199
200;126;2;200
201;155;2;201
202;85;2;202
203;122;2;203
204;69;2;204
205;85;2;205
206;133;2;206
207;102;2;207
208;121;2;208
209;69;2;209
210;108;2;210
211;112;2;211
212;160;2;212
213;80;2;213
214;86;2;214
215;117;2;215
216;85;2;216
217;88;2;217
218;76;2;218
219;67;2;219
220;112;2;220
221;90;2;221
222;143;2;222
223;148;2;223
224;88;2;224
225;114;2;225
226;127;2;226
227;103;2;227
228;202;2;228
229;90;2;229
230;61;2;230
231;98;2;231
232;101;2;232
233;113;2;233
234;73;2;234
235;53;2;235
236;162;2;236
237;162;2;237
238;129;2;238
239;158;2;239
240;103;2;240
241;85;2;241
242;138;2;242
243;2;2;243
244;118;2;244
245;100;2;245
246;162;2;246
247;127;2;247
248;100;2;248
249;100;2;249
250;87;2;250
251;115;2;251
252;130;2;252
253;91;2;253
254;121;2;254
255;67;2;255
256;141;2;256
257;105;2;257
258;104;2;258
259;125;2;259
260;89;2;260
261;94;2;261
262;82;2;262
263;106;2;263
264;70;2;264
265;152;2;265
266;127;2;266
267;140;2;267
268;88;2;268
269;78;2;269
270;89;2;270
271;98;2;271
272;87;2;272
273;97;2;273
274;95;2;274
275;97;2;275
276;77;2;276
277;137;2;277
278;93;2;278
279;93;2;279
280;95;2;280
281;100;2;281
282;98;2;282
283;193;2;283
284;139;2;284
285;79;2;285
286;97;2;286
287;76;2;287
288;97;2;288
289;120;2;289
290;106;2;290
291;83;2;291
292;146;2;292
293;87;2;293
294;159;2;294
295;133;2;295
296;158;2;296
297;89;2;297
298;154;2;298
299;158;2;299
300;196;2;300
301;148;2;301
302;128;2;302
303;127;2;303
304;153;2;304
305;132;2;305
306;91;2;306
307;128;2;307
308;63;2;308
309;229;2;309
310;256;2;310
311;146;2;311
312;113;2;312
313;106;2;313
314;224;2;314
315;93;2;315
316;176;2;316
317;126;2;317
318;203;2;318
319;136;2;319
320;133;2;320
321;157;2;321
322;115;2;322
323;126;2;323
324;113;2;324
325;191;2;325
326;187;2;326
327;140;2;327
328;112;2;328
329;176;2;329
330;325;2;330
331;426;2;331
332;356;2;332
333;264;2;333
334;187;2;334
335;130;2;335
336;180;2;336
337;97;2;337
338;171;2;338
339;148;2;339
340;149;2;340
341;70;2;341
342;140;2;342
343;148;2;343
344;120;2;344
345;211;2;345
346;152;2;346
347;136;2;347
348;249;2;348
349;253;2;349
350;313;2;350
351;231;2;351
352;257;2;352
353;220;2;353
354;159;2;354
355;89;2;355
356;164;2;356
357;158;2;357
358;69;2;358
359;156;2;359
360;169;2;360
361;137;2;361
362;167;2;362
363;172;2;363
364;198;2;364
365;198;2;365
366;165;2;366
367;187;2;367
368;168;2;368
369;162;2;369
370;211;2;370
371;221;2;371
372;218;2;372
373;299;2;373
374;224;2;374
375;131;2;375
376;203;2;376
377;126;2;377
378;151;2;378
379;133;2;379
380;122;2;380
381;128;2;381
382;144;2;382
383;159;2;383
384;290;2;384
385;169;2;385
386;112;2;386
387;174;2;387
388;182;2;388
389;178;2;389
390;176;2;390
391;178;2;391
392;206;2;392
393;167;2;393
394;236;2;394
395;186;2;395
396;162;2;396
397;137;2;397
398;168;2;398
399;258;2;399
400;114;2;400
401;173;2;401
402;146;2;402
403;125;2;403
404;176;2;404
405;125;2;405
406;211;2;406
407;243;2;407
408;152;2;408
409;125;2;409
410;130;2;410
411;259;2;411
412;192;2;412
413;254;2;413
414;268;2;414
415;179;2;415
416;192;2;416
417;122;2;417
418;109;2;418
419;250;2;419
420;213;2;420
421;209;2;421
422;178;2;422
423;170;2;423
424;132;2;424
425;162;2;425
426;179;2;426
427;200;2;427
428;183;2;428
429;168;2;429
430;145;2;430
431;145;2;431
432;133;2;432
433;140;2;433
434;108;2;434
435;159;2;435
436;143;2;436
437;119;2;437
438;170;2;438
439;108;2;439
440;118;2;440
441;113;2;441
442;106;2;442
443;160;2;443
444;140;2;444
445;107;2;445
446;204;2;446
447;284;2;447
448;204;2;448
449;292;2;449
450;194;2;450
451;399;2;451
452;156;2;452
453;199;2;453
454;183;2;454
455;129;2;455
456;152;2;456
457;120;2;457
458;162;2;458
459;132;2;459
460;116;2;460
461;128;2;461
462;147;2;462
463;176;2;463
464;217;2;464
465;94;2;465
466;115;2;466
467;193;2;467
468;185;2;468
469;227;2;469
470;136;2;470
471;234;2;471
472;162;2;472
473;157;2;473
474;136;2;474
475;193;2;475
476;241;2;476
477;136;2;477
478;142;2;478
479;140;2;479
480;159;2;480
481;115;2;481
482;119;2;482
483;119;2;483
484;161;2;484
485;123;2;485
486;214;2;486
487;190;2;487
488;169;2;488
489;206;2;489
490;260;2;490
491;158;2;491
492;206;2;492
493;197;2;493
494;236;2;494
495;24;2;495
496;99;2;496
497;62;2;497
498;159;2;498
499;144;2;499
500;120;2;500
501;134;2;501
502;116;2;502
503;103;2;503
504;147;2;504
505;111;2;505
506;111;2;506
507;212;2;507
508;195;2;508
509;97;2;509
510;226;2;510
511;213;2;511
512;202;2;512
513;182;2;513
514;255;2;514
515;126;2;515
516;85;2;516
517;73;2;517
518;203;2;518
519;143;2;519
520;207;2;520
521;166;2;521
522;191;2;522
523;190;2;523
524;221;2;524
525;264;2;525
526;277;2;526
527;182;2;527
528;189;2;528
529;221;2;529
530;154;2;530
531;179;2;531
532;195;2;532
533;149;2;533
534;223;2;534
535;227;2;535
536;193;2;536
537;194;2;537
538;128;2;538
539;96;2;539
540;93;2;540
541;36;2;541
542;66;2;542
543;71;2;543
544;68;2;544
545;65;2;545
546;96;2;546
547;85;2;547
548;113;2;548
549;145;2;549
550;115;2;550
551;129;2;551
552;152;2;552
553;138;2;553
554;124;2;554
555;158;2;555
556;246;2;556
557;155;2;557
558;184;2;558
559;204;2;559
560;141;2;560
561;125;2;561
562;191;2;562
563;168;2;563
564;209;2;564
565;138;2;565
566;130;2;566
567;120;2;567
568;137;2;568
569;128;2;569
570;171;2;570
571;155;2;571
572;126;2;572
573;137;2;573
574;104;2;574
575;79;2;575
576;152;2;576
577;130;2;577
578;137;2;578
579;86;2;579
580;76;2;580
581;97;2;581
582;95;2;582
583;101;2;583
584;80;2;584
585;117;2;585
586;102;2;586
587;86;2;587
588;86;2;588
589;110;2;589
590;132;2;590
591;179;2;591
592;150;2;592
593;112;2;593
594;134;2;594
595;186;2;595
596;114;2;596
597;95;2;597
598;185;2;598
599;96;2;599
600;118;2;600
601;113;2;601
602;85;2;602
603;37;2;603
604;87;2;604
605;170;2;605
606;108;2;606
607;104;2;607
608;128;2;608
609;86;2;609
610;131;2;610
611;161;2;611
612;167;2;612
613;89;2;613
614;93;2;614
615;80;2;615
616;79;2;616
617;301;2;617
618;206;2;618
619;235;2;619
620;195;2;620
621;298;2;621
622;174;2;622
623;303;2;623
624;128;2;624
625;113;2;625
626;97;2;626
627;150;2;627
628;214;2;628
629;220;2;629
630;193;2;630
631;111;2;631
632;157;2;632
633;93;2;633
634;122;2;634
635;103;2;635
636;140;2;636
637;77;2;637
638;74;2;638
639;129;2;639
640;103;2;640
641;61;2;641
642;85;2;642
643;118;2;643
644;119;2;644
645;135;2;645
646;121;2;646
647;101;2;647
648;104;2;648
649;78;2;649
650;65;2;650
651;119;2;651
652;123;2;652
653;79;2;653
654;176;2;654
655;118;2;655
656;93;2;656
657;117;2;657
658;153;2;658
659;212;2;659
660;100;2;660
661;114;2;661
662;120;2;662
663;51;2;663
664;92;2;664
665;144;2;665
666;115;2;666
667;171;2;667
668;121;2;668
669;194;2;669
670;145;2;670
671;86;2;671
672;179;2;672
673;120;2;673
674;88;2;674
675;151;2;675
676;162;2;676
677;126;2;677
678;117;2;678
679;101;2;679
680;124;2;680
681;88;2;681
682;93;2;682
683;155;2;683
684;99;2;684
685;106;2;685
686;201;2;686
687;191;2;687
688;122;2;688
689;200;2;689
690;220;2;690
691;213;2;691
692;233;2;692
693;172;2;693
694;146;2;694
695;177;2;695
696;127;2;696
697;197;2;697
698;256;2;698
699;221;2;699
700;203;2;700
701;146;2;701
702;192;2;702
703;245;2;703
704;194;2;704
705;225;2;705
706;252;2;706
707;205;2;707
708;163;2;708
709;188;2;709
710;158;2;710
711;314;2;711
712;233;2;712
713;227;2;713
714;206;2;714
715;201;2;715
716;208;2;716
717;214;2;717
718;341;2;718
719;208;2;719
720;336;2;720
721;330;2;721
722;311;2;722
723;275;2;723
724;383;2;724
725;361;2;725
726;169;2;726
727;179;2;727
728;312;2;728
729;264;2;729
730;118;2;730
731;139;2;731
732;138;2;732
733;213;2;733
734;60;2;734
735;126;2;735
736;83;2;736
737;85;2;737
738;97;2;738
739;82;2;739
740;67;2;740
741;90;2;741
742;86;2;742
743;57;2;743
744;68;2;744
745;63;2;745
746;50;2;746
747;38;2;747
748;71;2;748
749;90;2;749
750;76;2;750
751;100;2;751
752;83;2;752
753;43;2;753
754;82;2;754
755;144;2;755
756;130;2;756
757;108;2;757
758;136;2;758
759;55;2;759
760;82;2;760
761;60;2;761
762;56;2;762
763;59;2;763
764;69;2;764
765;55;2;765
766;110;2;766
767;115;2;767
768;180;2;768
769;131;2;769
770;47;2;770
771;91;2;771
772;136;2;772
773;88;2;773
774;48;2;774
775;60;2;775
776;68;2;776
777;94;2;777
778;88;2;778
779;73;2;779
780;47;2;780
781;51;2;781
782;102;2;782
783;93;2;783
784;50;2;784
785;9;2;785
786;70;2;786
787;227;2;787
788;228;2;788
789;214;2;789
790;115;2;790
791;151;2;791
792;107;2;792
793;122;2;793
794;173;2;794
795;89;2;795
796;108;2;796
797;106;2;797
798;140;2;798
799;115;2;799
800;54;2;800
801;59;2;801
802;71;2;802
803;55;2;803
804;81;2;804
805;95;2;805
806;122;2;806
807;145;2;807
808;24;2;808
809;32;2;809
810;57;2;810
811;90;2;811
812;80;2;812
813;82;2;813
814;72;2;814
815;73;2;815
816;75;2;816
817;114;2;817
818;140;2;818
819;152;2;819
820;131;2;820
821;97;2;821
822;134;2;822
823;93;2;823
824;63;2;824
825;102;2;825
826;121;2;826
827;176;2;827
828;176;2;828
829;194;2;829
830;122;2;830
831;146;2;831
832;188;2;832
833;117;2;833
834;173;2;834
835;96;2;835
836;128;2;836
837;186;2;837
838;140;2;838
839;177;2;839
840;216;2;840
841;179;2;841
842;127;2;842
843;129;2;843
844;99;2;844
845;214;2;845
846;144;2;846
847;76;2;847
848;99;2;848
849;125;2;849
850;139;2;850
851;132;2;851
852;127;2;852
853;116;2;853
854;111;2;854
855;122;2;855
856;146;2;856
857;143;2;857
858;177;2;858
859;160;2;859
860;143;2;860
861;150;2;861
862;127;2;862
863;104;2;863
864;200;2;864
865;149;2;865
866;97;2;866
867;118;2;867
868;135;2;868
869;204;2;869
870;130;2;870
871;203;2;871
872;169;2;872
873;227;2;873
874;189;2;874
875;125;2;875
876;163;2;876
877;111;2;877
878;147;2;878
879;128;2;879
880;137;2;880
881;122;2;881
882;176;2;882
883;158;2;883
884;162;2;884
885;165;2;885
886;158;2;886
887;214;2;887
888;133;2;888
889;150;2;889
890;177;2;890
891;236;2;891
892;179;2;892
893;105;2;893
894;132;2;894
895;121;2;895
896;116;2;896
897;160;2;897
898;156;2;898
899;152;2;899
900;166;2;900
901;155;2;901
902;79;2;902
903;207;2;903
904;214;2;904
905;206;2;905
906;149;2;906
907;152;2;907
908;77;2;908
909;64;2;909
910;167;2;910
911;60;2;911
912;141;2;912
913;200;2;913
914;104;2;914
915;219;2;915
916;186;2;916
917;130;2;917
918;156;2;918
919;244;2;919
920;283;2;920
921;189;2;921
922;125;2;922
923;178;2;923
924;211;2;924
925;132;2;925
926;116;2;926
927;122;2;927
928;140;2;928
929;179;2;929
930;170;2;930
931;208;2;931
932;162;2;932
933;170;2;933
934;137;2;934
935;109;2;935
936;161;2;936
937;162;2;937
938;194;2;938
939;203;2;939
940;195;2;940
941;219;2;941
942;145;2;942
943;146;2;943
944;123;2;944
945;63;2;945
946;147;2;946
947;157;2;947
948;160;2;948
949;138;2;949
950;102;2;950
951;168;2;951
952;199;2;952
953;177;2;953
954;112;2;954
955;235;2;955
956;126;2;956
957;151;2;957
958;95;2;958
959;98;2;959
960;117;2;960
961;111;2;961
962;129;2;962
963;104;2;963
964;110;2;964
965;163;2;965
966;77;2;966
967;88;2;967
968;174;2;968
969;164;2;969
970;128;2;970
971;65;2;971
972;52;2;972
973;116;2;973
974;53;2;974
975;91;2;975
976;108;2;976
977;170;2;977
978;210;2;978
979;162;2;979
980;167;2;980
981;223;2;981
982;96;2;982
983;107;2;983
984;47;2;984
985;155;2;985
986;121;2;986
987;119;2;987
988;100;2;988
989;132;2;989
990;116;2;990
991;114;2;991
992;143;2;992
993;146;2;993
994;195;2;994
995;104;2;995
996;91;2;996
997;108;2;997
998;91;2;998
999;119;2;999
1000;121;2;1000
1001;100;2;1001
1002;100;2;1002
1003;156;2;1003
1004;170;2;1004
1005;85;2;1005
1006;179;2;1006
1007;116;2;1007
1008;206;2;1008
1009;233;2;1009
1010;197;2;1010
1011;187;2;1011
1012;68;2;1012
1013;87;2;1013
1014;156;2;1014
1015;139;2;1015
1016;164;2;1016
1017;121;2;1017
1018;65;2;1018
1019;82;2;1019
1020;109;2;1020
1021;115;2;1021
1022;62;2;1022
1023;122;2;1023
1024;81;2;1024
1025;79;2;1025
1026;135;2;1026
1027;77;2;1027
1028;77;2;1028
1029;269;2;1029
1030;215;2;1030
1031;282;2;1031
1032;211;2;1032
1033;361;2;1033
1034;207;2;1034
1035;310;2;1035
1036;246;2;1036
1037;558;2;1037
1038;380;2;1038
1039;163;2;1039
1040;90;2;1040
1041;142;2;1041
1042;172;2;1042
1043;138;2;1043
1044;103;2;1044
1045;144;2;1045
1046;140;2;1046
1047;118;2;1047
1048;140;2;1048
1049;229;2;1049
1050;160;2;1050
1051;208;2;1051
1052;157;2;1052
1053;142;2;1053
1054;166;2;1054
1055;139;2;1055
1056;147;2;1056
1057;173;2;1057
1058;221;2;1058
1059;174;2;1059
1060;296;2;1060
1061;138;2;1061
1062;149;2;1062
1063;121;2;1063
1064;319;2;1064
1065;324;2;1065
1066;356;2;1066
1067;417;2;1067
1068;149;2;1068
1069;187;2;1069
1070;164;2;1070
1071;191;2;1071
1072;151;2;1072
1073;165;2;1073
1074;181;2;1074
1075;137;2;1075
1076;160;2;1076
1077;142;2;1077
1078;129;2;1078
1079;194;2;1079
1080;241;2;1080
1081;169;2;1081
1082;295;2;1082
1083;205;2;1083
1084;175;2;1084
1085;256;2;1085
1086;178;2;1086
1087;136;2;1087
1088;127;2;1088
1089;182;2;1089
1090;167;2;1090
1091;184;2;1091
1092;170;2;1092
1093;218;2;1093
1094;176;2;1094
1095;184;2;1095
1096;279;2;1096
1097;251;2;1097
1098;239;2;1098
1099;232;2;1099
1100;166;2;1100
1101;178;2;1101
1102;131;2;1102
1103;165;2;1103
1104;200;2;1104
1105;170;2;1105
1106;194;2;1106
1107;92;2;1107
1108;144;2;1108
1109;127;2;1109
1110;201;2;1110
1111;207;2;1111
1112;196;2;1112
1113;214;2;1113
1114;240;2;1114
1115;306;2;1115
1116;201;2;1116
1117;254;2;1117
1118;285;2;1118
1119;78;2;1119
1120;144;2;1120
1121;130;2;1121
1122;156;2;1122
1123;359;2;1123
1124;345;2;1124
1125;295;2;1125
1126;256;2;1126
1127;376;2;1127
1128;51;2;1128
1129;102;2;1129
1130;95;2;1130
1131;78;2;1131
1132;122;2;1132
1133;116;2;1133
1134;44;2;1134
1135;140;2;1135
1136;220;2;1136
1137;232;2;1137
1138;99;2;1138
1139;184;2;1139
1140;99;2;1140
1141;111;2;1141
1142;200;2;1142
1143;96;2;1143
1144;149;2;1144
1145;126;2;1145
1146;133;2;1146
1147;136;2;1147
1148;100;2;1148
1149;106;2;1149
1150;75;2;1150
1151;90;2;1151
1152;82;2;1152
1153;128;2;1153
1154;147;2;1154
1155;100;2;1155
1156;112;2;1156
1157;106;2;1157
1158;95;2;1158
1159;57;2;1159
1160;121;2;1160
1161;140;2;1161
1162;84;2;1162
1163;58;2;1163
1164;74;2;1164
1165;107;2;1165
1166;108;2;1166
1167;40;2;1167
1168;67;2;1168
1169;54;2;1169
1170;36;2;1170
1171;63;2;1171
1172;63;2;1172
1173;87;2;1173
1174;74;2;1174
1175;110;2;1175
1176;81;2;1176
1177;105;2;1177
1178;76;2;1178
1179;60;2;1179
1180;101;2;1180
1181;71;2;1181
1182;140;2;1182
1183;115;2;1183
1184;52;2;1184
1185;116;2;1185
1186;133;2;1186
1187;124;2;1187
1188;125;2;1188
1189;176;2;1189
1190;74;2;1190
1191;181;2;1191
1192;207;2;1192
1193;169;2;1193
1194;189;2;1194
1195;187;2;1195
1196;267;2;1196
1197;183;2;1197
1198;240;2;1198
1199;84;2;1199
1200;127;2;1200
1201;105;2;1201
1202;99;2;1202
1203;65;2;1203
1204;68;2;1204
1205;83;2;1205
1206;90;2;1206
1207;82;2;1207
1208;41;2;1208
1209;114;2;1209
1210;164;2;1210
1211;86;2;1211
1212;68;2;1212
1213;111;2;1213
1214;125;2;1214
1215;82;2;1215
1216;50;2;1216
1217;170;2;1217
1218;163;2;1218
1219;275;2;1219
1220;116;2;1220
1221;158;2;1221
1222;109;2;1222
1223;126;2;1223
1224;100;2;1224
1225;147;2;1225
1226;170;2;1226
1227;140;2;1227
1228;189;2;1228
1229;228;2;1229
1230;133;2;1230
1231;86;2;1231
1232;255;2;1232
1233;134;2;1233
1234;118;2;1234
1235;110;2;1235
1236;124;2;1236
1237;105;2;1237
1238;110;2;1238
1239;91;2;1239
1240;98;2;1240
1241;143;2;1241
1242;162;2;1242
1243;119;2;1243
1244;97;2;1244
1245;53;2;1245
1246;96;2;1246
1247;148;2;1247
1248;127;2;1248
1249;364;2;1249
1250;238;2;1250
1251;263;2;1251
1252;328;2;1252
1253;272;2;1253
1254;195;2;1254
1255;213;2;1255
1256;184;2;1256
1257;165;2;1257
1258;163;2;1258
1259;119;2;1259
1260;147;2;1260
1261;167;2;1261
1262;224;2;1262
1263;237;2;1263
1264;240;2;1264
1265;180;2;1265
1266;84;2;1266
1267;171;2;1267
1268;243;2;1268
1269;209;2;1269
1270;189;2;1270
1271;269;2;1271
1272;148;2;1272
1273;136;2;1273
1274;84;2;1274
1275;221;2;1275
1276;132;2;1276
1277;171;2;1277
1278;177;2;1278
1279;170;2;1279
1280;102;2;1280
1281;104;2;1281
1282;134;2;1282
1283;141;2;1283
1284;142;2;1284
1285;144;2;1285
1286;175;2;1286
1287;146;2;1287
1288;142;2;1288
1289;160;2;1289
1290;167;2;1290
1291;117;2;1291
1292;107;2;1292
1293;100;2;1293
1294;124;2;1294
1295;88;2;1295
1296;204;2;1296
1297;190;2;1297
1298;203;2;1298
1299;84;2;1299
1300;92;2;1300
1301;147;2;1301
1302;159;2;1302
1303;38;2;1303
1304;49;2;1304
1305;138;2;1305
1306;102;2;1306
1307;125;2;1307
1308;193;2;1308
1309;38;2;1309
1310;145;2;1310
1311;125;2;1311
1312;247;2;1312
1313;140;2;1313
1314;131;2;1314
1315;156;2;1315
1316;166;2;1316
1317;198;2;1317
1318;149;2;1318
1319;139;2;1319
1320;128;2;1320
1321;99;2;1321
1322;156;2;1322
1323;59;2;1323
1324;162;2;1324
1325;127;2;1325
1326;125;2;1326
1327;88;2;1327
1328;188;2;1328
1329;88;2;1329
1330;99;2;1330
1331;82;2;1331
1332;57;2;1332
1333;155;2;1333
1334;159;2;1334
1335;140;2;1335
1336;139;2;1336
1337;126;2;1337
1338;140;2;1338
1339;109;2;1339
1340;174;2;1340
1341;153;2;1341
1342;147;2;1342
1343;144;2;1343
1344;147;2;1344
1345;161;2;1345
1346;217;2;1346
1347;162;2;1347
1348;146;2;1348
1349;168;2;1349
1350;251;2;1350
1351;192;2;1351
1352;173;2;1352
1353;138;2;1353
1354;105;2;1354
1355;85;2;1355
1356;115;2;1356
1357;142;2;1357
1358;120;2;1358
1359;192;2;1359
1360;102;2;1360
1361;156;2;1361
1362;164;2;1362
1363;139;2;1363
1364;98;2;1364
1365;78;2;1365
1366;140;2;1366
1367;112;2;1367
1368;78;2;1368
1369;53;2;1369
1370;115;2;1370
1371;131;2;1371
1372;86;2;1372
1373;133;2;1373
1374;181;2;1374
1375;85;2;1375
1376;116;2;1376
1377;137;2;1377
1378;111;2;1378
1379;116;2;1379
1380;171;2;1380
1381;126;2;1381
1382;126;2;1382
1383;45;2;1383
1384;109;2;1384
1385;220;2;1385
1386;236;2;1386
1387;250;2;1387
1388;203;2;1388
1389;238;2;1389
1390;238;2;1390
1391;131;2;1391
1392;173;2;1392
1393;30;2;1393
1394;134;2;1394
1395;110;2;1395
1396;227;2;1396
1397;114;2;1397
1398;188;2;1398
1399;122;2;1399
1400;98;2;1400
1401;88;2;1401
1402;120;2;1402
1403;150;2;1403
1404;89;2;1404
1405;114;2;1405
1406;156;2;1406
1407;123;2;1407
1408;244;2;1408
1409;190;2;1409
1410;131;2;1410
1411;173;2;1411
1412;116;2;1412
1413;72;2;1413
1414;95;2;1414
1415;191;2;1415
1416;115;2;1416
1417;142;2;1417
1418;104;2;1418
1419;142;2;1419
1420;166;2;1420
1421;121;2;1421
1422;54;2;1422
1423;106;2;1423
1424;111;2;1424
1425;160;2;1425
1426;89;2;1426
1427;165;2;1427
1428;94;2;1428
1429;103;2;1429
1430;67;2;1430
1431;134;2;1431
1432;243;2;1432
1433;146;2;1433
1434;59;2;1434
1435;142;2;1435
1436;308;2;1436
1437;93;2;1437
1438;101;2;1438
1439;86;2;1439
1440;174;2;1440
1441;151;2;1441
1442;240;2;1442
1443;215;2;1443
1444;143;2;1444
1445;133;2;1445
1446;240;2;1446
1447;97;2;1447
1448;112;2;1448
1449;132;2;1449
1450;168;2;1450
1451;91;2;1451
1452;104;2;1452
1453;141;2;1453
1454;61;2;1454
1455;83;2;1455
1456;99;2;1456
1457;113;2;1457
1458;95;2;1458
1459;130;2;1459
1460;157;2;1460
1461;126;2;1461
1462;121;2;1462
1463;96;2;1463
1464;112;2;1464
1465;56;2;1465
1466;84;2;1466
1467;108;2;1467
1468;130;2;1468
1469;188;2;1469
1470;79;2;1470
1471;133;2;1471
1472;153;2;1472
1473;89;2;1473
1474;51;2;1474
1475;119;2;1475
1476;37;2;1476
1477;78;2;1477
1478;40;2;1478
1479;97;2;1479
1480;70;2;1480
1481;51;2;1481
1482;40;2;1482
1483;40;2;1483
1484;33;2;1484
1485;60;2;1485
1486;89;2;1486
1487;80;2;1487
1488;86;2;1488
1489;103;2;1489
1490;67;2;1490
1491;134;2;1491
1492;248;2;1492
1493;146;2;1493
1494;59;2;1494
1495;142;2;1495
1496;308;2;1496
1497;208;2;1497
1498;359;2;1498
1499;305;2;1499
1500;216;2;1500
1501;139;2;1501
1502;250;2;1502
1503;269;2;1503
1504;274;2;1504
1505;224;2;1505
1506;97;2;1506
1507;146;2;1507
1508;87;2;1508
1509;126;2;1509
1510;115;2;1510
1511;92;2;1511
1512;87;2;1512
1513;92;2;1513
1514;96;2;1514
1515;138;2;1515
1516;205;2;1516
1517;67;2;1517
1518;118;2;1518
1519;126;2;1519
1520;83;2;1520
1521;97;2;1521
1522;83;2;1522
1523;105;2;1523
1524;140;2;1524
1525;87;2;1525
1526;94;2;1526
1527;133;2;1527
1528;128;2;1528
1529;115;2;1529
1530;58;2;1530
1531;141;2;1531
1532;141;2;1532
1533;140;2;1533
1534;161;2;1534
1535;125;2;1535
1536;136;2;1536
1537;113;2;1537
1538;146;2;1538
1539;118;2;1539
1540;74;2;1540
1541;152;2;1541
1542;99;2;1542
1543;176;2;1543
1544;84;2;1544
1545;134;2;1545
1546;112;2;1546
1547;132;2;1547
1548;98;2;1548
1549;111;2;1549
1550;202;2;1550
1551;180;2;1551
1552;149;1;1
1553;199;1;2
1554;209;1;3
1555;175;1;4
1556;145;1;5
1557;45;1;6
1558;88;1;7
1559;82;1;8
1560;55;1;9
1561;100;1;10
1562;171;1;11
1563;154;1;12
1564;153;1;13
1565;154;1;14
1566;170;1;15
1567;160;1;16
1568;144;1;17
1569;88;1;18
1570;128;1;19
1571;39;1;20
1572;133;1;21
1573;119;1;22
1574;164;1;23
1575;108;1;24
1576;112;1;25
1577;148;1;26
1578;134;1;27
1579;94;1;28
1580;154;1;29
1581;126;1;30
1582;204;1;31
1583;50;1;32
1584;80;1;33
1585;103;1;34
1586;161;1;35
1587;147;1;36
1588;251;1;37
1589;228;1;38
1590;182;1;39
1591;159;1;40
1592;165;1;41
1593;185;1;42
1594;172;1;43
1595;169;1;44
1596;185;1;45
1597;171;1;46
1598;160;1;47
1599;184;1;48
1600;173;1;49
1601;154;1;50
1602;123;1;51
1603;146;1;52
1604;188;1;53
1605;120;1;54
1606;129;1;55
1607;134;1;56
1608;137;1;57
1609;185;1;58
1610;149;1;59
1611;117;1;60
1612;104;1;61
1613;131;1;62
1614;113;1;63
1615;111;1;64
1616;82;1;65
1617;165;1;66
1618;121;1;67
1619;121;1;68
1620;114;1;69
1621;111;1;70
1622;135;1;71
1623;140;1;72
1624;127;1;73
1625;168;1;74
1626;138;1;75
1627;188;1;76
1628;105;1;77
1629;125;1;78
1630;104;1;79
1631;126;1;80
1632;146;1;81
1633;194;1;82
1634;227;1;83
1635;199;1;84
1636;140;1;85
1637;138;1;86
1638;139;1;87
1639;111;1;88
1640;259;1;89
1641;264;1;90
1642;215;1;91
1643;279;1;92
1644;229;1;93
1645;164;1;94
1646;166;1;95
1647;221;1;96
1648;232;1;97
1649;181;1;98
1650;201;1;99
1651;162;1;100
1652;205;1;101
1653;128;1;102
1654;166;1;103
1655;153;1;104
1656;234;1;105
1657;170;1;106
1658;130;1;107
1659;127;1;108
1660;166;1;109
1661;177;1;110
1662;169;1;111
1663;249;1;112
1664;88;1;113
1665;213;1;114
1666;157;1;115
1667;177;1;116
1668;197;1;117
1669;192;1;118
1670;174;1;119
1671;193;1;120
1672;98;1;121
1673;170;1;122
1674;137;1;123
1675;131;1;124
1676;133;1;125
1677;205;1;126
1678;225;1;127
1679;302;1;128
1680;284;1;129
1681;185;1;130
1682;181;1;131
1683;271;1;132
1684;264;1;133
1685;131;1;134
1686;158;1;135
1687;161;1;136
1688;132;1;137
1689;115;1;138
1690;109;1;139
1691;121;1;140
1692;103;1;141
1693;57;1;142
1694;120;1;143
1695;163;1;144
1696;187;1;145
1697;132;1;146
1698;136;1;147
1699;123;1;148
1700;175;1;149
1701;163;1;150
1702;132;1;151
1703;112;1;152
1704;127;1;153
1705;104;1;154
1706;117;1;155
1707;95;1;156
1708;115;1;157
1709;125;1;158
1710;133;1;159
1711;157;1;160
1712;196;1;161
1713;129;1;162
1714;115;1;163
1715;142;1;164
1716;137;1;165
1717;156;1;166
1718;153;1;167
1719;129;1;168
1720;101;1;169
1721;109;1;170
1722;140;1;171
1723;170;1;172
1724;164;1;173
1725;219;1;174
1726;192;1;175
1727;145;1;176
1728;132;1;177
1729;159;1;178
1730;174;1;179
1731;191;1;180
1732;125;1;181
1733;121;1;182
1734;151;1;183
1735;168;1;184
1736;157;1;185
1737;146;1;186
1738;141;1;187
1739;164;1;188
1740;106;1;189
1741;156;1;190
1742;121;1;191
1743;158;1;192
1744;183;1;193
1745;107;1;194
1746;141;1;195
1747;154;1;196
1748;120;1;197
1749;144;1;198
1750;125;1;199
1751;161;1;200
1752;84;1;201
1753;144;1;202
1754;101;1;203
1755;223;1;204
1756;127;1;205
1757;144;1;206
1758;145;1;207
1759;119;1;208
1760;134;1;209
1761;130;1;210
1762;90;1;211
1763;76;1;212
1764;64;1;213
1765;135;1;214
1766;130;1;215
1767;160;1;216
1768;91;1;217
1769;125;1;218
1770;143;1;219
1771;118;1;220
1772;123;1;221
1773;151;1;222
1774;111;1;223
1775;131;1;224
1776;96;1;225
1777;167;1;226
1778;122;1;227
1779;117;1;228
1780;183;1;229
1781;154;1;230
1782;165;1;231
1783;181;1;232
1784;141;1;233
1785;142;1;234
1786;82;1;235
1787;76;1;236
1788;78;1;237
1789;51;1;238
1790;76;1;239
1791;112;1;240
1792;154;1;241
1793;95;1;242
1794;61;1;243
1795;122;1;244
1796;135;1;245
1797;141;1;246
1798;169;1;247
1799;161;1;248
1800;248;1;249
1801;230;1;250
1802;238;1;251
1803;150;1;252
1804;160;1;253
1805;187;1;254
1806;190;1;255
1807;143;1;256
1808;155;1;257
1809;148;1;258
1810;198;1;259
1811;193;1;260
1812;183;1;261
1813;190;1;262
1814;151;1;263
1815;149;1;264
1816;150;1;265
1817;163;1;266
1818;239;1;267
1819;123;1;268
1820;149;1;269
1821;141;1;270
1822;142;1;271
1823;124;1;272
1824;112;1;273
1825;237;1;274
1826;112;1;275
1827;108;1;276
1828;127;1;277
1829;121;1;278
1830;144;1;279
1831;146;1;280
1832;118;1;281
1833;104;1;282
1834;67;1;283
1835;86;1;284
1836;78;1;285
1837;92;1;286
1838;113;1;287
1839;140;1;288
1840;94;1;289
1841;149;1;290
1842;85;1;291
1843;105;1;292
1844;96;1;293
1845;75;1;294
1846;78;1;295
1847;55;1;296
1848;98;1;297
1849;123;1;298
1850;105;1;299
1851;160;1;300
1852;197;1;301
1853;143;1;302
1854;171;1;303
1855;150;1;304
1856;185;1;305
1857;194;1;306
1858;139;1;307
1859;111;1;308
1860;128;1;309
1861;131;1;310
1862;196;1;311
1863;84;1;312
1864;55;1;313
1865;71;1;314
1866;181;1;315
1867;131;1;316
1868;168;1;317
1869;112;1;318
1870;204;1;319
1871;125;1;320
1872;239;1;321
1873;217;1;322
1874;217;1;323
1875;225;1;324
1876;195;1;325
1877;142;1;326
1878;164;1;327
1879;186;1;328
1880;196;1;329
1881;160;1;330
1882;122;1;331
1883;47;1;332
1884;19;1;333
1885;44;1;334
1886;240;1;335
1887;198;1;336
1888;149;1;337
1889;237;1;338
1890;173;1;339
1891;179;1;340
1892;105;1;341
1893;256;1;342
1894;229;1;343
1895;260;1;344
1896;39;1;345
1897;211;1;346
1898;94;1;347
1899;51;1;348
1900;44;1;349
1901;28;1;350
1902;22;1;351
1903;27;1;352
1904;41;1;353
1905;199;1;354
1906;225;1;355
1907;86;1;356
1908;164;1;357
1909;165;1;358
1910;91;1;359
1911;177;1;360
1912;171;1;361
1913;169;1;362
1914;248;1;363
1915;186;1;364
1916;156;1;365
1917;190;1;366
1918;186;1;367
1919;166;1;368
1920;125;1;369
1921;243;1;370
1922;231;1;371
1923;168;1;372
1924;200;1;373
1925;205;1;374
1926;220;1;375
1927;116;1;376
1928;153;1;377
1929;191;1;378
1930;222;1;379
1931;190;1;380
1932;175;1;381
1933;179;1;382
1934;156;1;383
1935;149;1;384
1936;148;1;385
1937;180;1;386
1938;189;1;387
1939;172;1;388
1940;166;1;389
1941;177;1;390
1942;161;1;391
1943;209;1;392
1944;135;1;393
1945;200;1;394
1946;152;1;395
1947;171;1;396
1948;199;1;397
1949;153;1;398
1950;123;1;399
1951;132;1;400
1952;97;1;401
1953;129;1;402
1954;180;1;403
1955;174;1;404
1956;149;1;405
1957;178;1;406
1958;126;1;407
1959;84;1;408
1960;149;1;409
1961;246;1;410
1962;188;1;411
1963;217;1;412
1964;161;1;413
1965;104;1;414
1966;137;1;415
1967;154;1;416
1968;101;1;417
1969;131;1;418
1970;101;1;419
1971;104;1;420
1972;246;1;421
1973;129;1;422
1974;136;1;423
1975;157;1;424
1976;176;1;425
1977;169;1;426
1978;165;1;427
1979;135;1;428
1980;256;1;429
1981;114;1;430
1982;114;1;431
1983;210;1;432
1984;200;1;433
1985;231;1;434
1986;184;1;435
1987;185;1;436
1988;161;1;437
1989;100;1;438
1990;231;1;439
1991;146;1;440
1992;193;1;441
1993;137;1;442
1994;106;1;443
1995;151;1;444
1996;149;1;445
1997;174;1;446
1998;74;1;447
1999;136;1;448
2000;70;1;449
2001;139;1;450
2002;60;1;451
2003;254;1;452
2004;241;1;453
2005;154;1;454
2006;78;1;455
2007;131;1;456
2008;253;1;457
2009;126;1;458
2010;167;1;459
2011;161;1;460
2012;145;1;461
2013;197;1;462
2014;157;1;463
2015;125;1;464
2016;135;1;465
2017;109;1;466
2018;143;1;467
2019;123;1;468
2020;122;1;469
2021;125;1;470
2022;111;1;471
2023;90;1;472
2024;85;1;473
2025;178;1;474
2026;98;1;475
2027;74;1;476
2028;18;1;477
2029;151;1;478
2030;198;1;479
2031;129;1;480
2032;188;1;481
2033;184;1;482
2034;166;1;483
2035;146;1;484
2036;179;1;485
2037;107;1;486
2038;130;1;487
2039;132;1;488
2040;124;1;489
2041;102;1;490
2042;189;1;491
2043;124;1;492
2044;191;1;493
2045;201;1;494
2046;140;1;495
2047;223;1;496
2048;167;1;497
2049;172;1;498
2050;216;1;499
2051;174;1;500
2052;213;1;501
2053;162;1;502
2054;197;1;503
2055;275;1;504
2056;174;1;505
2057;146;1;506
2058;119;1;507
2059;138;1;508
2060;129;1;509
2061;132;1;510
2062;171;1;511
2063;144;1;512
2064;144;1;513
2065;165;1;514
2066;142;1;515
2067;116;1;516
2068;161;1;517
2069;147;1;518
2070;162;1;519
2071;156;1;520
2072;212;1;521
2073;147;1;522
2074;111;1;523
2075;89;1;524
2076;131;1;525
2077;154;1;526
2078;217;1;527
2079;148;1;528
2080;195;1;529
2081;69;1;530
2082;76;1;531
2083;102;1;532
2084;165;1;533
2085;212;1;534
2086;154;1;535
2087;119;1;536
2088;136;1;537
2089;159;1;538
2090;176;1;539
2091;200;1;540
2092;274;1;541
2093;195;1;542
2094;204;1;543
2095;192;1;544
2096;155;1;545
2097;194;1;546
2098;213;1;547
2099;140;1;548
2100;168;1;549
2101;223;1;550
2102;149;1;551
2103;194;1;552
2104;213;1;553
2105;203;1;554
2106;148;1;555
2107;119;1;556
2108;202;1;557
2109;181;1;558
2110;198;1;559
2111;139;1;560
2112;108;1;561
2113;165;1;562
2114;129;1;563
2115;182;1;564
2116;164;1;565
2117;192;1;566
2118;171;1;567
2119;200;1;568
2120;147;1;569
2121;183;1;570
2122;155;1;571
2123;190;1;572
2124;214;1;573
2125;194;1;574
2126;158;1;575
2127;192;1;576
2128;172;1;577
2129;178;1;578
2130;157;1;579
2131;152;1;580
2132;105;1;581
2133;195;1;582
2134;109;1;583
2135;134;1;584
2136;291;1;585
2137;164;1;586
2138;162;1;587
2139;179;1;588
2140;129;1;589
2141;127;1;590
2142;198;1;591
2143;193;1;592
2144;138;1;593
2145;160;1;594
2146;173;1;595
2147;172;1;596
2148;199;1;597
2149;218;1;598
2150;207;1;599
2151;205;1;600
2152;190;1;601
2153;172;1;602
2154;107;1;603
2155;56;1;604
2156;66;1;605
2157;100;1;606
2158;104;1;607
2159;161;1;608
2160;172;1;609
2161;170;1;610
2162;170;1;611
2163;141;1;612
2164;168;1;613
2165;86;1;614
2166;83;1;615
2167;103;1;616
2168;119;1;617
2169;99;1;618
2170;113;1;619
2171;106;1;620
2172;128;1;621
2173;98;1;622
2174;127;1;623
2175;122;1;624
2176;120;1;625
2177;97;1;626
2178;75;1;627
2179;109;1;628
2180;115;1;629
2181;116;1;630
2182;48;1;631
2183;132;1;632
2184;133;1;633
2185;232;1;634
2186;226;1;635
2187;238;1;636
2188;128;1;637
2189;162;1;638
2190;152;1;639
2191;166;1;640
2192;192;1;641
2193;131;1;642
2194;209;1;643
2195;208;1;644
2196;195;1;645
2197;226;1;646
2198;216;1;647
2199;200;1;648
2200;168;1;649
2201;107;1;650
2202;188;1;651
2203;154;1;652
2204;180;1;653
2205;211;1;654
2206;247;1;655
2207;246;1;656
2208;260;1;657
2209;221;1;658
2210;133;1;659
2211;151;1;660
2212;101;1;661
2213;135;1;662
2214;92;1;663
2215;143;1;664
2216;141;1;665
2217;96;1;666
2218;117;1;667
2219;230;1;668
2220;122;1;669
2221;126;1;670
2222;173;1;671
2223;82;1;672
2224;127;1;673
2225;150;1;674
2226;120;1;675
2227;88;1;676
2228;135;1;677
2229;273;1;678
2230;119;1;679
2231;167;1;680
2232;115;1;681
2233;179;1;682
2234;138;1;683
2235;135;1;684
2236;115;1;685
2237;191;1;686
2238;137;1;687
2239;179;1;688
2240;120;1;689
2241;145;1;690
2242;158;1;691
2243;92;1;692
2244;137;1;693
2245;194;1;694
2246;205;1;695
2247;124;1;696
2248;166;1;697
2249;275;1;698
2250;155;1;699
2251;262;1;700
2252;113;1;701
2253;191;1;702
2254;197;1;703
2255;238;1;704
2256;176;1;705
2257;178;1;706
2258;153;1;707
2259;142;1;708
2260;148;1;709
2261;51;1;710
2262;117;1;711
2263;111;1;712
2264;133;1;713
2265;62;1;714
2266;88;1;715
2267;21;1;716
2268;126;1;717
2269;83;1;718
2270;21;1;719
2271;128;1;720
2272;156;1;721
2273;101;1;722
2274;138;1;723
2275;119;1;724
2276;113;1;725
2277;205;1;726
2278;158;1;727
2279;144;1;728
2280;203;1;729
2281;223;1;730
2282;137;1;731
2283;209;1;732
2284;262;1;733
2285;71;1;734
2286;161;1;735
2287;71;1;736
2288;138;1;737
2289;159;1;738
2290;137;1;739
2291;171;1;740
2292;48;1;741
2293;112;1;742
2294;139;1;743
2295;150;1;744
2296;92;1;745
2297;90;1;746
2298;137;1;747
2299;172;1;748
2300;77;1;749
2301;139;1;750
2302;126;1;751
2303;86;1;752
2304;70;1;753
2305;186;1;754
2306;90;1;755
2307;139;1;756
2308;117;1;757
2309;196;1;758
2310;145;1;759
2311;149;1;760
2312;126;1;761
2313;84;1;762
2314;149;1;763
2315;161;1;764
2316;141;1;765
2317;83;1;766
2318;80;1;767
2319;137;1;768
2320;63;1;769
2321;88;1;770
2322;96;1;771
2323;122;1;772
2324;142;1;773
2325;81;1;774
2326;153;1;775
2327;191;1;776
2328;94;1;777
2329;94;1;778
2330;74;1;779
2331;111;1;780
2332;60;1;781
2333;62;1;782
2334;29;1;783
2335;58;1;784
2336;58;1;785
2337;87;1;786
2338;67;1;787
2339;142;1;788
2340;188;1;789
2341;139;1;790
2342;89;1;791
2343;143;1;792
2344;107;1;793
2345;146;1;794
2346;150;1;795
2347;117;1;796
2348;122;1;797
2349;128;1;798
2350;94;1;799
2351;84;1;800
2352;96;1;801
2353;118;1;802
2354;110;1;803
2355;107;1;804
2356;143;1;805
2357;134;1;806
2358;105;1;807
2359;45;1;808
2360;65;1;809
2361;74;1;810
2362;143;1;811
2363;135;1;812
2364;161;1;813
2365;103;1;814
2366;81;1;815
2367;139;1;816
2368;115;1;817
2369;158;1;818
2370;129;1;819
2371;62;1;820
2372;92;1;821
2373;119;1;822
2374;88;1;823
2375;50;1;824
2376;137;1;825
2377;61;1;826
2378;124;1;827
2379;171;1;828
2380;95;1;829
2381;180;1;830
2382;153;1;831
2383;271;1;832
2384;168;1;833
2385;253;1;834
2386;215;1;835
2387;153;1;836
2388;182;1;837
2389;121;1;838
2390;183;1;839
2391;199;1;840
2392;166;1;841
2393;189;1;842
2394;202;1;843
2395;128;1;844
2396;145;1;845
2397;218;1;846
2398;197;1;847
2399;146;1;848
2400;252;1;849
2401;175;1;850
2402;192;1;851
2403;285;1;852
2404;199;1;853
2405;233;1;854
2406;169;1;855
2407;174;1;856
2408;225;1;857
2409;230;1;858
2410;221;1;859
2411;283;1;860
2412;290;1;861
2413;231;1;862
2414;174;1;863
2415;233;1;864
2416;206;1;865
2417;288;1;866
2418;187;1;867
2419;183;1;868
2420;187;1;869
2421;194;1;870
2422;195;1;871
2423;193;1;872
2424;233;1;873
2425;218;1;874
2426;164;1;875
2427;252;1;876
2428;130;1;877
2429;178;1;878
2430;199;1;879
2431;188;1;880
2432;139;1;881
2433;167;1;882
2434;191;1;883
2435;274;1;884
2436;220;1;885
2437;197;1;886
2438;198;1;887
2439;240;1;888
2440;209;1;889
2441;239;1;890
2442;269;1;891
2443;217;1;892
2444;196;1;893
2445;165;1;894
2446;179;1;895
2447;204;1;896
2448;217;1;897
2449;254;1;898
2450;166;1;899
2451;102;1;900
2452;154;1;901
2453;110;1;902
2454;258;1;903
2455;253;1;904
2456;214;1;905
2457;173;1;906
2458;177;1;907
2459;100;1;908
2460;92;1;909
2461;120;1;910
2462;184;1;911
2463;176;1;912
2464;238;1;913
2465;160;1;914
2466;202;1;915
2467;221;1;916
2468;144;1;917
2469;206;1;918
2470;289;1;919
2471;199;1;920
2472;185;1;921
2473;145;1;922
2474;135;1;923
2475;174;1;924
2476;141;1;925
2477;196;1;926
2478;222;1;927
2479;213;1;928
2480;296;1;929
2481;191;1;930
2482;256;1;931
2483;225;1;932
2484;196;1;933
2485;232;1;934
2486;252;1;935
2487;213;1;936
2488;73;1;937
2489;193;1;938
2490;209;1;939
2491;181;1;940
2492;165;1;941
2493;149;1;942
2494;154;1;943
2495;133;1;944
2496;100;1;945
2497;233;1;946
2498;167;1;947
2499;192;1;948
2500;248;1;949
2501;203;1;950
2502;196;1;951
2503;135;1;952
2504;140;1;953
2505;144;1;954
2506;138;1;955
2507;90;1;956
2508;90;1;957
2509;310;1;958
2510;221;1;959
2511;139;1;960
2512;184;1;961
2513;158;1;962
2514;64;1;963
2515;228;1;964
2516;124;1;965
2517;204;1;966
2518;190;1;967
2519;140;1;968
2520;120;1;969
2521;194;1;970
2522;156;1;971
2523;151;1;972
2524;185;1;973
2525;175;1;974
2526;181;1;975
2527;209;1;976
2528;147;1;977
2529;136;1;978
2530;125;1;979
2531;161;1;980
2532;107;1;981
2533;145;1;982
2534;182;1;983
2535;132;1;984
2536;300;1;985
2537;244;1;986
2538;180;1;987
2539;245;1;988
2540;182;1;989
2541;90;1;990
2542;238;1;991
2543;280;1;992
2544;284;1;993
2545;224;1;994
2546;154;1;995
2547;179;1;996
2548;209;1;997
2549;136;1;998
2550;205;1;999
2551;109;1;1000
2552;144;1;1001
2553;146;1;1002
2554;189;1;1003
2555;108;1;1004
2556;125;1;1005
2557;263;1;1006
2558;207;1;1007
2559;125;1;1008
2560;76;1;1009
2561;156;1;1010
2562;151;1;1011
2563;104;1;1012
2564;31;1;1013
2565;113;1;1014
2566;150;1;1015
2567;172;1;1016
2568;202;1;1017
2569;247;1;1018
2570;127;1;1019
2571;137;1;1020
2572;283;1;1021
2573;200;1;1022
2574;194;1;1023
2575;158;1;1024
2576;148;1;1025
2577;139;1;1026
2578;243;1;1027
2579;175;1;1028
2580;259;1;1029
2581;157;1;1030
2582;232;1;1031
2583;96;1;1032
2584;81;1;1033
2585;109;1;1034
2586;100;1;1035
2587;68;1;1036
2588;5;1;1037
2589;40;1;1038
2590;3;1;1039
2591;282;1;1040
2592;199;1;1041
2593;197;1;1042
2594;262;1;1043
2595;257;1;1044
2596;202;1;1045
2597;251;1;1046
2598;176;1;1047
2599;251;1;1048
2600;144;1;1049
2601;133;1;1050
2602;140;1;1051
2603;182;1;1052
2604;200;1;1053
2605;219;1;1054
2606;106;1;1055
2607;112;1;1056
2608;164;1;1057
2609;208;1;1058
2610;149;1;1059
2611;122;1;1060
2612;182;1;1061
2613;191;1;1062
2614;217;1;1063
2615;89;1;1064
2616;117;1;1065
2617;105;1;1066
2618;68;1;1067
2619;247;1;1068
2620;198;1;1069
2621;176;1;1070
2622;193;1;1071
2623;250;1;1072
2624;163;1;1073
2625;151;1;1074
2626;95;1;1075
2627;204;1;1076
2628;165;1;1077
2629;105;1;1078
2630;213;1;1079
2631;191;1;1080
2632;210;1;1081
2633;175;1;1082
2634;168;1;1083
2635;182;1;1084
2636;135;1;1085
2637;164;1;1086
2638;206;1;1087
2639;229;1;1088
2640;173;1;1089
2641;193;1;1090
2642;165;1;1091
2643;214;1;1092
2644;169;1;1093
2645;168;1;1094
2646;225;1;1095
2647;172;1;1096
2648;204;1;1097
2649;132;1;1098
2650;102;1;1099
2651;173;1;1100
2652;230;1;1101
2653;108;1;1102
2654;270;1;1103
2655;249;1;1104
2656;209;1;1105
2657;162;1;1106
2658;134;1;1107
2659;206;1;1108
2660;173;1;1109
2661;170;1;1110
2662;160;1;1111
2663;160;1;1112
2664;133;1;1113
2665;147;1;1114
2666;112;1;1115
2667;213;1;1116
2668;165;1;1117
2669;146;1;1118
2670;125;1;1119
2671;132;1;1120
2672;176;1;1121
2673;161;1;1122
2674;45;1;1123
2675;82;1;1124
2676;105;1;1125
2677;117;1;1126
2678;65;1;1127
2679;139;1;1128
2680;137;1;1129
2681;250;1;1130
2682;127;1;1131
2683;170;1;1132
2684;134;1;1133
2685;146;1;1134
2686;258;1;1135
2687;192;1;1136
2688;173;1;1137
2689;161;1;1138
2690;196;1;1139
2691;137;1;1140
2692;175;1;1141
2693;150;1;1142
2694;177;1;1143
2695;163;1;1144
2696;139;1;1145
2697;162;1;1146
2698;151;1;1147
2699;160;1;1148
2700;113;1;1149
2701;135;1;1150
2702;177;1;1151
2703;200;1;1152
2704;206;1;1153
2705;235;1;1154
2706;172;1;1155
2707;180;1;1156
2708;176;1;1157
2709;180;1;1158
2710;140;1;1159
2711;171;1;1160
2712;230;1;1161
2713;108;1;1162
2714;208;1;1163
2715;239;1;1164
2716;130;1;1165
2717;173;1;1166
2718;225;1;1167
2719;131;1;1168
2720;137;1;1169
2721;152;1;1170
2722;212;1;1171
2723;174;1;1172
2724;178;1;1173
2725;117;1;1174
2726;231;1;1175
2727;163;1;1176
2728;139;1;1177
2729;176;1;1178
2730;98;1;1179
2731;130;1;1180
2732;149;1;1181
2733;196;1;1182
2734;149;1;1183
2735;137;1;1184
2736;179;1;1185
2737;174;1;1186
2738;134;1;1187
2739;207;1;1188
2740;171;1;1189
2741;107;1;1190
2742;276;1;1191
2743;199;1;1192
2744;130;1;1193
2745;104;1;1194
2746;181;1;1195
2747;105;1;1196
2748;128;1;1197
2749;74;1;1198
2750;134;1;1199
2751;156;1;1200
2752;192;1;1201
2753;92;1;1202
2754;149;1;1203
2755;94;1;1204
2756;71;1;1205
2757;131;1;1206
2758;90;1;1207
2759;114;1;1208
2760;112;1;1209
2761;174;1;1210
2762;136;1;1211
2763;129;1;1212
2764;167;1;1213
2765;163;1;1214
2766;221;1;1215
2767;149;1;1216
2768;102;1;1217
2769;235;1;1218
2770;72;1;1219
2771;128;1;1220
2772;156;1;1221
2773;194;1;1222
2774;194;1;1223
2775;138;1;1224
2776;136;1;1225
2777;116;1;1226
2778;253;1;1227
2779;210;1;1228
2780;300;1;1229
2781;167;1;1230
2782;186;1;1231
2783;152;1;1232
2784;174;1;1233
2785;141;1;1234
2786;184;1;1235
2787;196;1;1236
2788;217;1;1237
2789;180;1;1238
2790;175;1;1239
2791;152;1;1240
2792;184;1;1241
2793;188;1;1242
2794;213;1;1243
2795;239;1;1244
2796;164;1;1245
2797;102;1;1246
2798;176;1;1247
2799;211;1;1248
2800;7;1;1249
2801;121;1;1250
2802;158;1;1251
2803;150;1;1252
2804;102;1;1253
2805;100;1;1254
2806;113;1;1255
2807;155;1;1256
2808;115;1;1257
2809;177;1;1258
2810;112;1;1259
2811;135;1;1260
2812;125;1;1261
2813;124;1;1262
2814;89;1;1263
2815;47;1;1264
2816;116;1;1265
2817;232;1;1266
2818;126;1;1267
2819;96;1;1268
2820;73;1;1269
2821;167;1;1270
2822;133;1;1271
2823;157;1;1272
2824;176;1;1273
2825;126;1;1274
2826;130;1;1275
2827;150;1;1276
2828;177;1;1277
2829;174;1;1278
2830;143;1;1279
2831;128;1;1280
2832;150;1;1281
2833;209;1;1282
2834;184;1;1283
2835;214;1;1284
2836;187;1;1285
2837;124;1;1286
2838;74;1;1287
2839;140;1;1288
2840;276;1;1289
2841;275;1;1290
2842;230;1;1291
2843;200;1;1292
2844;226;1;1293
2845;202;1;1294
2846;229;1;1295
2847;182;1;1296
2848;162;1;1297
2849;180;1;1298
2850;156;1;1299
2851;131;1;1300
2852;237;1;1301
2853;150;1;1302
2854;118;1;1303
2855;208;1;1304
2856;179;1;1305
2857;216;1;1306
2858;230;1;1307
2859;191;1;1308
2860;104;1;1309
2861;234;1;1310
2862;235;1;1311
2863;191;1;1312
2864;165;1;1313
2865;166;1;1314
2866;196;1;1315
2867;186;1;1316
2868;225;1;1317
2869;147;1;1318
2870;186;1;1319
2871;319;1;1320
2872;258;1;1321
2873;98;1;1322
2874;131;1;1323
2875;255;1;1324
2876;176;1;1325
2877;241;1;1326
2878;225;1;1327
2879;232;1;1328
2880;103;1;1329
2881;193;1;1330
2882;216;1;1331
2883;170;1;1332
2884;245;1;1333
2885;176;1;1334
2886;99;1;1335
2887;98;1;1336
2888;256;1;1337
2889;268;1;1338
2890;171;1;1339
2891;221;1;1340
2892;171;1;1341
2893;206;1;1342
2894;123;1;1343
2895;153;1;1344
2896;141;1;1345
2897;160;1;1346
2898;166;1;1347
2899;209;1;1348
2900;148;1;1349
2901;139;1;1350
2902;69;1;1351
2903;121;1;1352
2904;94;1;1353
2905;204;1;1354
2906;163;1;1355
2907;163;1;1356
2908;155;1;1357
2909;180;1;1358
2910;104;1;1359
2911;60;1;1360
2912;117;1;1361
2913;163;1;1362
2914;163;1;1363
2915;83;1;1364
2916;132;1;1365
2917;87;1;1366
2918;165;1;1367
2919;125;1;1368
2920;40;1;1369
2921;203;1;1370
2922;166;1;1371
2923;274;1;1372
2924;200;1;1373
2925;155;1;1374
2926;182;1;1375
2927;131;1;1376
2928;189;1;1377
2929;185;1;1378
2930;90;1;1379
2931;232;1;1380
2932;178;1;1381
2933;128;1;1382
2934;119;1;1383
2935;214;1;1384
2936;146;1;1385
2937;101;1;1386
2938;57;1;1387
2939;53;1;1388
2940;223;1;1389
2941;156;1;1390
2942;99;1;1391
2943;132;1;1392
2944;100;1;1393
2945;100;1;1394
2946;98;1;1395
2947;142;1;1396
2948;108;1;1397
2949;94;1;1398
2950;160;1;1399
2951;240;1;1400
2952;181;1;1401
2953;203;1;1402
2954;120;1;1403
2955;172;1;1404
2956;156;1;1405
2957;140;1;1406
2958;92;1;1407
2959;143;1;1408
2960;155;1;1409
2961;141;1;1410
2962;154;1;1411
2963;166;1;1412
2964;150;1;1413
2965;64;1;1414
2966;121;1;1415
2967;134;1;1416
2968;106;1;1417
2969;134;1;1418
2970;81;1;1419
2971;127;1;1420
2972;165;1;1421
2973;106;1;1422
2974;87;1;1423
2975;159;1;1424
2976;310;1;1425
2977;168;1;1426
2978;80;1;1427
2979;63;1;1428
2980;219;1;1429
2981;193;1;1430
2982;191;1;1431
2983;103;1;1432
2984;246;1;1433
2985;162;1;1434
2986;153;1;1435
2987;180;1;1436
2988;226;1;1437
2989;143;1;1438
2990;177;1;1439
2991;56;1;1440
2992;182;1;1441
2993;171;1;1442
2994;111;1;1443
2995;153;1;1444
2996;141;1;1445
2997;119;1;1446
2998;170;1;1447
2999;199;1;1448
3000;140;1;1449
3001;95;1;1450
3002;156;1;1451
3003;122;1;1452
3004;217;1;1453
3005;195;1;1454
3006;131;1;1455
3007;146;1;1456
3008;101;1;1457
3009;128;1;1458
3010;143;1;1459
3011;121;1;1460
3012;148;1;1461
3013;131;1;1462
3014;80;1;1463
3015;126;1;1464
3016;190;1;1465
3017;183;1;1466
3018;231;1;1467
3019;191;1;1468
3020;188;1;1469
3021;238;1;1470
3022;219;1;1471
3023;150;1;1472
3024;143;1;1473
3025;181;1;1474
3026;221;1;1475
3027;44;1;1476
3028;203;1;1477
3029;143;1;1478
3030;251;1;1479
3031;165;1;1480
3032;195;1;1481
3033;189;1;1482
3034;209;1;1483
3035;190;1;1484
3036;226;1;1485
3037;289;1;1486
3038;143;1;1487
3039;180;1;1488
3040;219;1;1489
3041;193;1;1490
3042;191;1;1491
3043;103;1;1492
3044;246;1;1493
3045;162;1;1494
3046;153;1;1495
3047;180;1;1496
3048;88;1;1497
3049;85;1;1498
3050;62;1;1499
3051;112;1;1500
3052;56;1;1501
3053;86;1;1502
3054;63;1;1503
3055;62;1;1504
3056;92;1;1505
3057;223;1;1506
3058;256;1;1507
3059;233;1;1508
3060;190;1;1509
3061;201;1;1510
3062;144;1;1511
3063;130;1;1512
3064;143;1;1513
3065;181;1;1514
3066;288;1;1515
3067;173;1;1516
3068;170;1;1517
3069;171;1;1518
3070;214;1;1519
3071;179;1;1520
3072;192;1;1521
3073;179;1;1522
3074;282;1;1523
3075;126;1;1524
3076;268;1;1525
3077;226;1;1526
3078;204;1;1527
3079;233;1;1528
3080;117;1;1529
3081;198;1;1530
3082;168;1;1531
3083;137;1;1532
3084;226;1;1533
3085;153;1;1534
3086;168;1;1535
3087;131;1;1536
3088;181;1;1537
3089;167;1;1538
3090;194;1;1539
3091;186;1;1540
3092;178;1;1541
3093;189;1;1542
3094;118;1;1543
3095;170;1;1544
3096;166;1;1545
3097;204;1;1546
3098;119;1;1547
3099;129;1;1548
3100;125;1;1549
3101;164;1;1550
3102;44;1;1551
3103;10;0;1
3104;5;0;2
3105;9;0;3
3106;5;0;4
3107;3;0;5
3108;1;0;6
3109;5;0;7
3110;5;0;8
3111;7;0;9
3112;3;0;10
3113;8;0;11
3114;10;0;12
3115;5;0;13
3116;9;0;14
3117;10;0;15
3118;6;0;16
3119;5;0;17
3120;2;0;18
3121;3;0;19
3122;6;0;20
3123;9;0;21
3124;5;0;22
3125;5;0;23
3126;4;0;24
3127;5;0;25
3128;3;0;26
3129;1;0;27
3130;4;0;28
3131;3;0;29
3132;1;0;30
3133;8;0;31
3134;0;0;32
3135;0;0;33
3136;6;0;34
3137;6;0;35
3138;5;0;36
3139;7;0;37
3140;2;0;38
3141;6;0;39
3142;9;0;40
3143;12;0;41
3144;16;0;42
3145;8;0;43
3146;8;0;44
3147;7;0;45
3148;5;0;46
3149;12;0;47
3150;7;0;48
3151;7;0;49
3152;13;0;50
3153;8;0;51
3154;6;0;52
3155;1;0;53
3156;6;0;54
3157;2;0;55
3158;7;0;56
3159;6;0;57
3160;2;0;58
3161;2;0;59
3162;5;0;60
3163;6;0;61
3164;2;0;62
3165;14;0;63
3166;7;0;64
3167;7;0;65
3168;9;0;66
3169;5;0;67
3170;8;0;68
3171;13;0;69
3172;9;0;70
3173;6;0;71
3174;15;0;72
3175;8;0;73
3176;6;0;74
3177;8;0;75
3178;5;0;76
3179;4;0;77
3180;1;0;78
3181;11;0;79
3182;10;0;80
3183;9;0;81
3184;9;0;82
3185;21;0;83
3186;14;0;84
3187;6;0;85
3188;12;0;86
3189;6;0;87
3190;9;0;88
3191;9;0;89
3192;11;0;90
3193;9;0;91
3194;12;0;92
3195;13;0;93
3196;15;0;94
3197;17;0;95
3198;2;0;96
3199;14;0;97
3200;6;0;98
3201;6;0;99
3202;17;0;100
3203;25;0;101
3204;4;0;102
3205;15;0;103
3206;7;0;104
3207;14;0;105
3208;5;0;106
3209;21;0;107
3210;11;0;108
3211;5;0;109
3212;14;0;110
3213;16;0;111
3214;8;0;112
3215;7;0;113
3216;6;0;114
3217;6;0;115
3218;16;0;116
3219;9;0;117
3220;12;0;118
3221;5;0;119
3222;6;0;120
3223;7;0;121
3224;21;0;122
3225;24;0;123
3226;9;0;124
3227;8;0;125
3228;7;0;126
3229;12;0;127
3230;14;0;128
3231;14;0;129
3232;6;0;130
3233;11;0;131
3234;9;0;132
3235;13;0;133
3236;6;0;134
3237;12;0;135
3238;5;0;136
3239;17;0;137
3240;14;0;138
3241;7;0;139
3242;4;0;140
3243;9;0;141
3244;6;0;142
3245;6;0;143
3246;13;0;144
3247;25;0;145
3248;18;0;146
3249;7;0;147
3250;5;0;148
3251;1;0;149
3252;4;0;150
3253;3;0;151
3254;8;0;152
3255;5;0;153
3256;8;0;154
3257;6;0;155
3258;3;0;156
3259;5;0;157
3260;7;0;158
3261;14;0;159
3262;12;0;160
3263;4;0;161
3264;5;0;162
3265;3;0;163
3266;5;0;164
3267;3;0;165
3268;2;0;166
3269;5;0;167
3270;12;0;168
3271;6;0;169
3272;5;0;170
3273;3;0;171
3274;4;0;172
3275;7;0;173
3276;4;0;174
3277;6;0;175
3278;5;0;176
3279;6;0;177
3280;13;0;178
3281;7;0;179
3282;8;0;180
3283;7;0;181
3284;1;0;182
3285;11;0;183
3286;11;0;184
3287;9;0;185
3288;7;0;186
3289;8;0;187
3290;7;0;188
3291;6;0;189
3292;6;0;190
3293;3;0;191
3294;7;0;192
3295;0;0;193
3296;10;0;194
3297;12;0;195
3298;19;0;196
3299;2;0;197
3300;12;0;198
3301;7;0;199
3302;11;0;200
3303;5;0;201
3304;3;0;202
3305;4;0;203
3306;16;0;204
3307;3;0;205
3308;1;0;206
3309;1;0;207
3310;3;0;208
3311;2;0;209
3312;1;0;210
3313;3;0;211
3314;4;0;212
3315;7;0;213
3316;1;0;214
3317;13;0;215
3318;3;0;216
3319;2;0;217
3320;7;0;218
3321;6;0;219
3322;0;0;220
3323;3;0;221
3324;4;0;222
3325;10;0;223
3326;4;0;224
3327;1;0;225
3328;6;0;226
3329;6;0;227
3330;7;0;228
3331;8;0;229
3332;6;0;230
3333;6;0;231
3334;8;0;232
3335;4;0;233
3336;6;0;234
3337;2;0;235
3338;2;0;236
3339;2;0;237
3340;3;0;238
3341;6;0;239
3342;2;0;240
3343;2;0;241
3344;1;0;242
3345;153;0;243
3346;2;0;244
3347;1;0;245
3348;9;0;246
3349;7;0;247
3350;10;0;248
3351;7;0;249
3352;13;0;250
3353;7;0;251
3354;7;0;252
3355;8;0;253
3356;9;0;254
3357;2;0;255
3358;7;0;256
3359;11;0;257
3360;19;0;258
3361;19;0;259
3362;5;0;260
3363;6;0;261
3364;20;0;262
3365;7;0;263
3366;11;0;264
3367;7;0;265
3368;7;0;266
3369;9;0;267
3370;5;0;268
3371;12;0;269
3372;6;0;270
3373;13;0;271
3374;9;0;272
3375;7;0;273
3376;4;0;274
3377;4;0;275
3378;3;0;276
3379;7;0;277
3380;5;0;278
3381;4;0;279
3382;82;0;280
3383;5;0;281
3384;5;0;282
3385;5;0;283
3386;9;0;284
3387;8;0;285
3388;6;0;286
3389;4;0;287
3390;11;0;288
3391;4;0;289
3392;4;0;290
3393;19;0;291
3394;6;0;292
3395;2;0;293
3396;7;0;294
3397;2;0;295
3398;2;0;296
3399;5;0;297
3400;2;0;298
3401;2;0;299
3402;6;0;300
3403;8;0;301
3404;11;0;302
3405;6;0;303
3406;7;0;304
3407;17;0;305
3408;8;0;306
3409;5;0;307
3410;10;0;308
3411;15;0;309
3412;11;0;310
3413;4;0;311
3414;8;0;312
3415;9;0;313
3416;2;0;314
3417;8;0;315
3418;6;0;316
3419;9;0;317
3420;1;0;318
3421;7;0;319
3422;8;0;320
3423;4;0;321
3424;4;0;322
3425;15;0;323
3426;5;0;324
3427;11;0;325
3428;3;0;326
3429;7;0;327
3430;2;0;328
3431;8;0;329
3432;1;0;330
3433;4;0;331
3434;4;0;332
3435;2;0;333
3436;1;0;334
3437;7;0;335
3438;17;0;336
3439;13;0;337
3440;22;0;338
3441;9;0;339
3442;11;0;340
3443;13;0;341
3444;12;0;342
3445;2;0;343
3446;6;0;344
3447;0;0;345
3448;9;0;346
3449;5;0;347
3450;6;0;348
3451;1;0;349
3452;8;0;350
3453;5;0;351
3454;4;0;352
3455;26;0;353
3456;9;0;354
3457;8;0;355
3458;1;0;356
3459;11;0;357
3460;5;0;358
3461;4;0;359
3462;7;0;360
3463;13;0;361
3464;11;0;362
3465;7;0;363
3466;8;0;364
3467;9;0;365
3468;8;0;366
3469;22;0;367
3470;9;0;368
3471;7;0;369
3472;12;0;370
3473;15;0;371
3474;10;0;372
3475;6;0;373
3476;20;0;374
3477;16;0;375
3478;17;0;376
3479;9;0;377
3480;11;0;378
3481;16;0;379
3482;8;0;380
3483;6;0;381
3484;5;0;382
3485;7;0;383
3486;11;0;384
3487;8;0;385
3488;7;0;386
3489;28;0;387
3490;11;0;388
3491;14;0;389
3492;11;0;390
3493;13;0;391
3494;9;0;392
3495;11;0;393
3496;15;0;394
3497;11;0;395
3498;9;0;396
3499;3;0;397
3500;9;0;398
3501;8;0;399
3502;9;0;400
3503;19;0;401
3504;7;0;402
3505;6;0;403
3506;8;0;404
3507;13;0;405
3508;13;0;406
3509;7;0;407
3510;6;0;408
3511;4;0;409
3512;14;0;410
3513;8;0;411
3514;11;0;412
3515;6;0;413
3516;5;0;414
3517;3;0;415
3518;8;0;416
3519;2;0;417
3520;5;0;418
3521;12;0;419
3522;0;0;420
3523;12;0;421
3524;8;0;422
3525;9;0;423
3526;5;0;424
3527;12;0;425
3528;14;0;426
3529;13;0;427
3530;8;0;428
3531;15;0;429
3532;7;0;430
3533;7;0;431
3534;12;0;432
3535;13;0;433
3536;7;0;434
3537;9;0;435
3538;6;0;436
3539;11;0;437
3540;8;0;438
3541;7;0;439
3542;6;0;440
3543;16;0;441
3544;5;0;442
3545;17;0;443
3546;18;0;444
3547;12;0;445
3548;7;0;446
3549;4;0;447
3550;3;0;448
3551;6;0;449
3552;7;0;450
3553;3;0;451
3554;8;0;452
3555;16;0;453
3556;8;0;454
3557;9;0;455
3558;7;0;456
3559;13;0;457
3560;6;0;458
3561;15;0;459
3562;18;0;460
3563;5;0;461
3564;21;0;462
3565;16;0;463
3566;7;0;464
3567;4;0;465
3568;9;0;466
3569;40;0;467
3570;17;0;468
3571;7;0;469
3572;24;0;470
3573;3;0;471
3574;11;0;472
3575;14;0;473
3576;16;0;474
3577;9;0;475
3578;10;0;476
3579;5;0;477
3580;18;0;478
3581;21;0;479
3582;7;0;480
3583;18;0;481
3584;17;0;482
3585;25;0;483
3586;26;0;484
3587;15;0;485
3588;6;0;486
3589;5;0;487
3590;10;0;488
3591;11;0;489
3592;8;0;490
3593;10;0;491
3594;12;0;492
3595;6;0;493
3596;8;0;494
3597;2;0;495
3598;8;0;496
3599;2;0;497
3600;5;0;498
3601;16;0;499
3602;5;0;500
3603;11;0;501
3604;8;0;502
3605;2;0;503
3606;9;0;504
3607;24;0;505
3608;8;0;506
3609;10;0;507
3610;21;0;508
3611;14;0;509
3612;10;0;510
3613;5;0;511
3614;19;0;512
3615;8;0;513
3616;3;0;514
3617;7;0;515
3618;4;0;516
3619;1;0;517
3620;6;0;518
3621;7;0;519
3622;5;0;520
3623;4;0;521
3624;2;0;522
3625;5;0;523
3626;1;0;524
3627;6;0;525
3628;11;0;526
3629;9;0;527
3630;6;0;528
3631;15;0;529
3632;3;0;530
3633;10;0;531
3634;5;0;532
3635;14;0;533
3636;4;0;534
3637;4;0;535
3638;8;0;536
3639;4;0;537
3640;8;0;538
3641;8;0;539
3642;5;0;540
3643;6;0;541
3644;8;0;542
3645;6;0;543
3646;4;0;544
3647;5;0;545
3648;2;0;546
3649;10;0;547
3650;16;0;548
3651;4;0;549
3652;7;0;550
3653;12;0;551
3654;13;0;552
3655;10;0;553
3656;3;0;554
3657;2;0;555
3658;5;0;556
3659;6;0;557
3660;9;0;558
3661;6;0;559
3662;8;0;560
3663;7;0;561
3664;6;0;562
3665;7;0;563
3666;12;0;564
3667;3;0;565
3668;13;0;566
3669;5;0;567
3670;10;0;568
3671;7;0;569
3672;10;0;570
3673;7;0;571
3674;10;0;572
3675;6;0;573
3676;5;0;574
3677;7;0;575
3678;7;0;576
3679;5;0;577
3680;5;0;578
3681;6;0;579
3682;1;0;580
3683;5;0;581
3684;7;0;582
3685;6;0;583
3686;3;0;584
3687;7;0;585
3688;5;0;586
3689;3;0;587
3690;9;0;588
3691;5;0;589
3692;2;0;590
3693;9;0;591
3694;6;0;592
3695;10;0;593
3696;5;0;594
3697;4;0;595
3698;5;0;596
3699;4;0;597
3700;7;0;598
3701;3;0;599
3702;7;0;600
3703;6;0;601
3704;19;0;602
3705;6;0;603
3706;3;0;604
3707;9;0;605
3708;7;0;606
3709;7;0;607
3710;6;0;608
3711;6;0;609
3712;2;0;610
3713;5;0;611
3714;6;0;612
3715;7;0;613
3716;7;0;614
3717;5;0;615
3718;3;0;616
3719;11;0;617
3720;6;0;618
3721;10;0;619
3722;6;0;620
3723;7;0;621
3724;18;0;622
3725;11;0;623
3726;7;0;624
3727;6;0;625
3728;4;0;626
3729;9;0;627
3730;2;0;628
3731;7;0;629
3732;4;0;630
3733;2;0;631
3734;9;0;632
3735;2;0;633
3736;6;0;634
3737;12;0;635
3738;11;0;636
3739;9;0;637
3740;10;0;638
3741;7;0;639
3742;9;0;640
3743;6;0;641
3744;1;0;642
3745;19;0;643
3746;3;0;644
3747;19;0;645
3748;5;0;646
3749;2;0;647
3750;1;0;648
3751;2;0;649
3752;3;0;650
3753;5;0;651
3754;9;0;652
3755;2;0;653
3756;5;0;654
3757;3;0;655
3758;3;0;656
3759;8;0;657
3760;5;0;658
3761;5;0;659
3762;5;0;660
3763;2;0;661
3764;10;0;662
3765;1;0;663
3766;6;0;664
3767;5;0;665
3768;3;0;666
3769;4;0;667
3770;6;0;668
3771;10;0;669
3772;10;0;670
3773;9;0;671
3774;8;0;672
3775;5;0;673
3776;4;0;674
3777;9;0;675
3778;3;0;676
3779;7;0;677
3780;18;0;678
3781;12;0;679
3782;3;0;680
3783;9;0;681
3784;9;0;682
3785;2;0;683
3786;7;0;684
3787;7;0;685
3788;10;0;686
3789;5;0;687
3790;8;0;688
3791;12;0;689
3792;13;0;690
3793;14;0;691
3794;6;0;692
3795;2;0;693
3796;11;0;694
3797;16;0;695
3798;5;0;696
3799;9;0;697
3800;14;0;698
3801;3;0;699
3802;9;0;700
3803;2;0;701
3804;29;0;702
3805;8;0;703
3806;9;0;704
3807;11;0;705
3808;11;0;706
3809;9;0;707
3810;6;0;708
3811;14;0;709
3812;9;0;710
3813;7;0;711
3814;13;0;712
3815;9;0;713
3816;4;0;714
3817;4;0;715
3818;36;0;716
3819;13;0;717
3820;6;0;718
3821;36;0;719
3822;11;0;720
3823;16;0;721
3824;18;0;722
3825;12;0;723
3826;4;0;724
3827;7;0;725
3828;14;0;726
3829;11;0;727
3830;17;0;728
3831;9;0;729
3832;19;0;730
3833;9;0;731
3834;19;0;732
3835;17;0;733
3836;5;0;734
3837;2;0;735
3838;4;0;736
3839;4;0;737
3840;4;0;738
3841;3;0;739
3842;2;0;740
3843;6;0;741
3844;3;0;742
3845;2;0;743
3846;5;0;744
3847;4;0;745
3848;5;0;746
3849;1;0;747
3850;0;0;748
3851;0;0;749
3852;3;0;750
3853;7;0;751
3854;3;0;752
3855;6;0;753
3856;8;0;754
3857;4;0;755
3858;11;0;756
3859;8;0;757
3860;8;0;758
3861;2;0;759
3862;4;0;760
3863;3;0;761
3864;2;0;762
3865;2;0;763
3866;2;0;764
3867;4;0;765
3868;4;0;766
3869;8;0;767
3870;8;0;768
3871;2;0;769
3872;3;0;770
3873;2;0;771
3874;7;0;772
3875;0;0;773
3876;0;0;774
3877;3;0;775
3878;1;0;776
3879;5;0;777
3880;2;0;778
3881;3;0;779
3882;3;0;780
3883;2;0;781
3884;1;0;782
3885;4;0;783
3886;1;0;784
3887;0;0;785
3888;1;0;786
3889;12;0;787
3890;5;0;788
3891;9;0;789
3892;6;0;790
3893;3;0;791
3894;1;0;792
3895;6;0;793
3896;13;0;794
3897;4;0;795
3898;8;0;796
3899;2;0;797
3900;6;0;798
3901;3;0;799
3902;4;0;800
3903;6;0;801
3904;10;0;802
3905;3;0;803
3906;4;0;804
3907;7;0;805
3908;5;0;806
3909;8;0;807
3910;2;0;808
3911;0;0;809
3912;7;0;810
3913;3;0;811
3914;4;0;812
3915;4;0;813
3916;7;0;814
3917;1;0;815
3918;5;0;816
3919;4;0;817
3920;5;0;818
3921;3;0;819
3922;2;0;820
3923;4;0;821
3924;7;0;822
3925;5;0;823
3926;6;0;824
3927;1;0;825
3928;1;0;826
3929;13;0;827
3930;14;0;828
3931;11;0;829
3932;6;0;830
3933;11;0;831
3934;10;0;832
3935;7;0;833
3936;10;0;834
3937;7;0;835
3938;10;0;836
3939;11;0;837
3940;11;0;838
3941;9;0;839
3942;11;0;840
3943;14;0;841
3944;14;0;842
3945;9;0;843
3946;8;0;844
3947;9;0;845
3948;8;0;846
3949;4;0;847
3950;10;0;848
3951;20;0;849
3952;8;0;850
3953;19;0;851
3954;15;0;852
3955;11;0;853
3956;15;0;854
3957;8;0;855
3958;16;0;856
3959;13;0;857
3960;8;0;858
3961;13;0;859
3962;20;0;860
3963;8;0;861
3964;14;0;862
3965;10;0;863
3966;17;0;864
3967;13;0;865
3968;6;0;866
3969;10;0;867
3970;12;0;868
3971;17;0;869
3972;8;0;870
3973;10;0;871
3974;11;0;872
3975;9;0;873
3976;21;0;874
3977;10;0;875
3978;9;0;876
3979;11;0;877
3980;13;0;878
3981;7;0;879
3982;13;0;880
3983;6;0;881
3984;16;0;882
3985;8;0;883
3986;8;0;884
3987;12;0;885
3988;21;0;886
3989;12;0;887
3990;13;0;888
3991;12;0;889
3992;12;0;890
3993;19;0;891
3994;10;0;892
3995;10;0;893
3996;9;0;894
3997;14;0;895
3998;13;0;896
3999;33;0;897
4000;13;0;898
4001;15;0;899
4002;10;0;900
4003;12;0;901
4004;11;0;902
4005;10;0;903
4006;15;0;904
4007;14;0;905
4008;14;0;906
4009;6;0;907
4010;8;0;908
4011;12;0;909
4012;25;0;910
4013;6;0;911
4014;14;0;912
4015;10;0;913
4016;10;0;914
4017;13;0;915
4018;14;0;916
4019;12;0;917
4020;22;0;918
4021;14;0;919
4022;24;0;920
4023;20;0;921
4024;5;0;922
4025;9;0;923
4026;7;0;924
4027;10;0;925
4028;5;0;926
4029;11;0;927
4030;11;0;928
4031;9;0;929
4032;15;0;930
4033;24;0;931
4034;18;0;932
4035;17;0;933
4036;12;0;934
4037;14;0;935
4038;14;0;936
4039;18;0;937
4040;29;0;938
4041;12;0;939
4042;8;0;940
4043;23;0;941
4044;5;0;942
4045;13;0;943
4046;13;0;944
4047;9;0;945
4048;6;0;946
4049;10;0;947
4050;12;0;948
4051;16;0;949
4052;9;0;950
4053;11;0;951
4054;10;0;952
4055;17;0;953
4056;14;0;954
4057;9;0;955
4058;6;0;956
4059;2;0;957
4060;3;0;958
4061;13;0;959
4062;5;0;960
4063;7;0;961
4064;6;0;962
4065;6;0;963
4066;8;0;964
4067;2;0;965
4068;2;0;966
4069;2;0;967
4070;4;0;968
4071;6;0;969
4072;6;0;970
4073;15;0;971
4074;3;0;972
4075;16;0;973
4076;55;0;974
4077;5;0;975
4078;6;0;976
4079;6;0;977
4080;2;0;978
4081;7;0;979
4082;10;0;980
4083;20;0;981
4084;7;0;982
4085;4;0;983
4086;4;0;984
4087;6;0;985
4088;6;0;986
4089;2;0;987
4090;7;0;988
4091;6;0;989
4092;1;0;990
4093;5;0;991
4094;17;0;992
4095;7;0;993
4096;12;0;994
4097;8;0;995
4098;5;0;996
4099;9;0;997
4100;2;0;998
4101;19;0;999
4102;7;0;1000
4103;1;0;1001
4104;2;0;1002
4105;10;0;1003
4106;9;0;1004
4107;1;0;1005
4108;14;0;1006
4109;10;0;1007
4110;5;0;1008
4111;9;0;1009
4112;11;0;1010
4113;8;0;1011
4114;0;0;1012
4115;3;0;1013
4116;5;0;1014
4117;5;0;1015
4118;5;0;1016
4119;7;0;1017
4120;0;0;1018
4121;5;0;1019
4122;0;0;1020
4123;9;0;1021
4124;11;0;1022
4125;6;0;1023
4126;3;0;1024
4127;7;0;1025
4128;5;0;1026
4129;20;0;1027
4130;6;0;1028
4131;15;0;1029
4132;6;0;1030
4133;18;0;1031
4134;5;0;1032
4135;29;0;1033
4136;10;0;1034
4137;33;0;1035
4138;27;0;1036
4139;2;0;1037
4140;73;0;1038
4141;0;0;1039
4142;29;0;1040
4143;15;0;1041
4144;19;0;1042
4145;23;0;1043
4146;12;0;1044
4147;12;0;1045
4148;8;0;1046
4149;11;0;1047
4150;12;0;1048
4151;3;0;1049
4152;17;0;1050
4153;13;0;1051
4154;19;0;1052
4155;12;0;1053
4156;17;0;1054
4157;245;0;1055
4158;9;0;1056
4159;12;0;1057
4160;16;0;1058
4161;28;0;1059
4162;4;0;1060
4163;16;0;1061
4164;24;0;1062
4165;17;0;1063
4166;36;0;1064
4167;17;0;1065
4168;17;0;1066
4169;3;0;1067
4170;17;0;1068
4171;21;0;1069
4172;15;0;1070
4173;19;0;1071
4174;16;0;1072
4175;14;0;1073
4176;18;0;1074
4177;8;0;1075
4178;3;0;1076
4179;3;0;1077
4180;41;0;1078
4181;12;0;1079
4182;21;0;1080
4183;25;0;1081
4184;17;0;1082
4185;7;0;1083
4186;10;0;1084
4187;7;0;1085
4188;9;0;1086
4189;10;0;1087
4190;7;0;1088
4191;11;0;1089
4192;5;0;1090
4193;2;0;1091
4194;13;0;1092
4195;6;0;1093
4196;10;0;1094
4197;4;0;1095
4198;19;0;1096
4199;8;0;1097
4200;12;0;1098
4201;31;0;1099
4202;8;0;1100
4203;4;0;1101
4204;9;0;1102
4205;2;0;1103
4206;10;0;1104
4207;6;0;1105
4208;9;0;1106
4209;13;0;1107
4210;6;0;1108
4211;7;0;1109
4212;7;0;1110
4213;20;0;1111
4214;12;0;1112
4215;7;0;1113
4216;14;0;1114
4217;41;0;1115
4218;6;0;1116
4219;16;0;1117
4220;17;0;1118
4221;3;0;1119
4222;12;0;1120
4223;6;0;1121
4224;6;0;1122
4225;19;0;1123
4226;3;0;1124
4227;3;0;1125
4228;7;0;1126
4229;12;0;1127
4230;6;0;1128
4231;16;0;1129
4232;10;0;1130
4233;4;0;1131
4234;9;0;1132
4235;3;0;1133
4236;4;0;1134
4237;2;0;1135
4238;4;0;1136
4239;3;0;1137
4240;7;0;1138
4241;15;0;1139
4242;2;0;1140
4243;8;0;1141
4244;8;0;1142
4245;11;0;1143
4246;5;0;1144
4247;13;0;1145
4248;9;0;1146
4249;7;0;1147
4250;7;0;1148
4251;8;0;1149
4252;6;0;1150
4253;2;0;1151
4254;8;0;1152
4255;22;0;1153
4256;21;0;1154
4257;5;0;1155
4258;6;0;1156
4259;8;0;1157
4260;4;0;1158
4261;2;0;1159
4262;8;0;1160
4263;13;0;1161
4264;1;0;1162
4265;4;0;1163
4266;5;0;1164
4267;2;0;1165
4268;7;0;1166
4269;9;0;1167
4270;5;0;1168
4271;2;0;1169
4272;2;0;1170
4273;5;0;1171
4274;11;0;1172
4275;5;0;1173
4276;3;0;1174
4277;14;0;1175
4278;14;0;1176
4279;5;0;1177
4280;2;0;1178
4281;2;0;1179
4282;10;0;1180
4283;1;0;1181
4284;9;0;1182
4285;2;0;1183
4286;7;0;1184
4287;5;0;1185
4288;6;0;1186
4289;7;0;1187
4290;5;0;1188
4291;8;0;1189
4292;5;0;1190
4293;6;0;1191
4294;4;0;1192
4295;3;0;1193
4296;8;0;1194
4297;8;0;1195
4298;19;0;1196
4299;3;0;1197
4300;4;0;1198
4301;6;0;1199
4302;6;0;1200
4303;14;0;1201
4304;4;0;1202
4305;5;0;1203
4306;3;0;1204
4307;4;0;1205
4308;3;0;1206
4309;5;0;1207
4310;3;0;1208
4311;5;0;1209
4312;6;0;1210
4313;2;0;1211
4314;2;0;1212
4315;2;0;1213
4316;2;0;1214
4317;4;0;1215
4318;4;0;1216
4319;5;0;1217
4320;6;0;1218
4321;7;0;1219
4322;6;0;1220
4323;5;0;1221
4324;5;0;1222
4325;9;0;1223
4326;6;0;1224
4327;8;0;1225
4328;8;0;1226
4329;27;0;1227
4330;10;0;1228
4331;18;0;1229
4332;5;0;1230
4333;9;0;1231
4334;12;0;1232
4335;9;0;1233
4336;5;0;1234
4337;4;0;1235
4338;6;0;1236
4339;6;0;1237
4340;6;0;1238
4341;14;0;1239
4342;10;0;1240
4343;9;0;1241
4344;2;0;1242
4345;13;0;1243
4346;11;0;1244
4347;6;0;1245
4348;12;0;1246
4349;11;0;1247
4350;9;0;1248
4351;96;0;1249
4352;8;0;1250
4353;15;0;1251
4354;7;0;1252
4355;6;0;1253
4356;5;0;1254
4357;7;0;1255
4358;2;0;1256
4359;4;0;1257
4360;9;0;1258
4361;5;0;1259
4362;8;0;1260
4363;5;0;1261
4364;9;0;1262
4365;3;0;1263
4366;6;0;1264
4367;4;0;1265
4368;7;0;1266
4369;5;0;1267
4370;11;0;1268
4371;8;0;1269
4372;2;0;1270
4373;3;0;1271
4374;10;0;1272
4375;9;0;1273
4376;6;0;1274
4377;7;0;1275
4378;6;0;1276
4379;18;0;1277
4380;9;0;1278
4381;3;0;1279
4382;18;0;1280
4383;4;0;1281
4384;10;0;1282
4385;11;0;1283
4386;14;0;1284
4387;5;0;1285
4388;6;0;1286
4389;2;0;1287
4390;9;0;1288
4391;12;0;1289
4392;11;0;1290
4393;5;0;1291
4394;3;0;1292
4395;6;0;1293
4396;24;0;1294
4397;13;0;1295
4398;2;0;1296
4399;9;0;1297
4400;10;0;1298
4401;6;0;1299
4402;10;0;1300
4403;5;0;1301
4404;3;0;1302
4405;4;0;1303
4406;4;0;1304
4407;1;0;1305
4408;8;0;1306
4409;15;0;1307
4410;14;0;1308
4411;5;0;1309
4412;4;0;1310
4413;13;0;1311
4414;7;0;1312
4415;10;0;1313
4416;9;0;1314
4417;15;0;1315
4418;24;0;1316
4419;16;0;1317
4420;7;0;1318
4421;2;0;1319
4422;7;0;1320
4423;5;0;1321
4424;2;0;1322
4425;6;0;1323
4426;13;0;1324
4427;4;0;1325
4428;11;0;1326
4429;7;0;1327
4430;12;0;1328
4431;5;0;1329
4432;5;0;1330
4433;5;0;1331
4434;13;0;1332
4435;18;0;1333
4436;4;0;1334
4437;2;0;1335
4438;7;0;1336
4439;19;0;1337
4440;10;0;1338
4441;13;0;1339
4442;7;0;1340
4443;15;0;1341
4444;17;0;1342
4445;8;0;1343
4446;15;0;1344
4447;12;0;1345
4448;22;0;1346
4449;12;0;1347
4450;18;0;1348
4451;2;0;1349
4452;14;0;1350
4453;2;0;1351
4454;2;0;1352
4455;1;0;1353
4456;4;0;1354
4457;3;0;1355
4458;4;0;1356
4459;6;0;1357
4460;6;0;1358
4461;2;0;1359
4462;3;0;1360
4463;8;0;1361
4464;11;0;1362
4465;2;0;1363
4466;6;0;1364
4467;2;0;1365
4468;2;0;1366
4469;11;0;1367
4470;4;0;1368
4471;2;0;1369
4472;10;0;1370
4473;7;0;1371
4474;7;0;1372
4475;23;0;1373
4476;11;0;1374
4477;11;0;1375
4478;2;0;1376
4479;2;0;1377
4480;7;0;1378
4481;2;0;1379
4482;7;0;1380
4483;22;0;1381
4484;22;0;1382
4485;7;0;1383
4486;4;0;1384
4487;5;0;1385
4488;5;0;1386
4489;4;0;1387
4490;7;0;1388
4491;9;0;1389
4492;10;0;1390
4493;7;0;1391
4494;8;0;1392
4495;5;0;1393
4496;2;0;1394
4497;9;0;1395
4498;3;0;1396
4499;7;0;1397
4500;4;0;1398
4501;10;0;1399
4502;14;0;1400
4503;1;0;1401
4504;7;0;1402
4505;3;0;1403
4506;4;0;1404
4507;14;0;1405
4508;14;0;1406
4509;10;0;1407
4510;9;0;1408
4511;9;0;1409
4512;7;0;1410
4513;9;0;1411
4514;0;0;1412
4515;6;0;1413
4516;18;0;1414
4517;11;0;1415
4518;2;0;1416
4519;2;0;1417
4520;4;0;1418
4521;8;0;1419
4522;7;0;1420
4523;9;0;1421
4524;7;0;1422
4525;3;0;1423
4526;4;0;1424
4527;7;0;1425
4528;8;0;1426
4529;5;0;1427
4530;1;0;1428
4531;16;0;1429
4532;4;0;1430
4533;15;0;1431
4534;3;0;1432
4535;4;0;1433
4536;2;0;1434
4537;1;0;1435
4538;0;0;1436
4539;5;0;1437
4540;5;0;1438
4541;6;0;1439
4542;1;0;1440
4543;4;0;1441
4544;4;0;1442
4545;3;0;1443
4546;1;0;1444
4547;4;0;1445
4548;5;0;1446
4549;9;0;1447
4550;10;0;1448
4551;7;0;1449
4552;7;0;1450
4553;4;0;1451
4554;5;0;1452
4555;10;0;1453
4556;4;0;1454
4557;8;0;1455
4558;8;0;1456
4559;9;0;1457
4560;6;0;1458
4561;4;0;1459
4562;1;0;1460
4563;3;0;1461
4564;2;0;1462
4565;1;0;1463
4566;3;0;1464
4567;7;0;1465
4568;7;0;1466
4569;8;0;1467
4570;9;0;1468
4571;11;0;1469
4572;6;0;1470
4573;8;0;1471
4574;11;0;1472
4575;2;0;1473
4576;7;0;1474
4577;7;0;1475
4578;1;0;1476
4579;5;0;1477
4580;0;0;1478
4581;5;0;1479
4582;4;0;1480
4583;4;0;1481
4584;3;0;1482
4585;9;0;1483
4586;4;0;1484
4587;7;0;1485
4588;9;0;1486
4589;3;0;1487
4590;6;0;1488
4591;16;0;1489
4592;12;0;1490
4593;15;0;1491
4594;3;0;1492
4595;4;0;1493
4596;2;0;1494
4597;1;0;1495
4598;0;0;1496
4599;20;0;1497
4600;4;0;1498
4601;8;0;1499
4602;2;0;1500
4603;11;0;1501
4604;1;0;1502
4605;10;0;1503
4606;14;0;1504
4607;8;0;1505
4608;13;0;1506
4609;12;0;1507
4610;12;0;1508
4611;3;0;1509
4612;5;0;1510
4613;13;0;1511
4614;13;0;1512
4615;6;0;1513
4616;1;0;1514
4617;7;0;1515
4618;7;0;1516
4619;7;0;1517
4620;9;0;1518
4621;13;0;1519
4622;7;0;1520
4623;3;0;1521
4624;11;0;1522
4625;9;0;1523
4626;4;0;1524
4627;8;0;1525
4628;12;0;1526
4629;14;0;1527
4630;5;0;1528
4631;1;0;1529
4632;7;0;1530
4633;10;0;1531
4634;15;0;1532
4635;18;0;1533
4636;8;0;1534
4637;15;0;1535
4638;3;0;1536
4639;6;0;1537
4640;11;0;1538
4641;7;0;1539
4642;4;0;1540
4643;12;0;1541
4644;13;0;1542
4645;3;0;1543
4646;11;0;1544
4647;4;0;1545
4648;5;0;1546
4649;7;0;1547
4650;14;0;1548
4651;10;0;1549
4652;2;0;1550
4653;0;0;1551
