id;jml_suara;paslon_id;tps_id;;;
1;8;0;1;;;
2;5;0;2;;;
3;15;0;3;;;
4;1;0;4;;;
5;0;0;5;;;
6;10;0;6;;;
7;1;0;7;;;
8;1;0;8;;;
9;4;0;9;;;
10;23;0;10;;;
11;0;0;11;;;
12;19;0;12;;;
13;5;0;13;;;
14;1;0;14;;;
15;0;0;15;;;
16;11;0;16;;;
17;2;0;17;;;
18;5;0;18;;;
19;2;0;19;;;
20;4;0;20;;;
21;1;0;21;;;
22;1;0;22;;;
23;3;0;23;;;
24;3;0;24;;;
25;0;0;25;;;
26;12;0;26;;;
27;4;0;27;;;
28;0;0;28;;;
29;25;0;29;;;
30;7;0;30;;;
31;15;0;31;;;
32;6;0;32;;;
33;12;0;33;;;
34;0;0;34;;;
35;1;0;35;;;
36;11;0;36;;;
37;10;0;37;;;
38;0;0;38;;;
39;4;0;39;;;
40;1;0;40;;;
41;15;0;41;;;
42;0;0;42;;;
43;0;0;43;;;
44;8;0;44;;;
45;3;0;45;;;
46;10;0;46;;;
47;5;0;47;;;
48;5;0;48;;;
49;6;0;49;;;
50;0;0;50;;;
51;2;0;51;;;
52;2;0;52;;;
53;2;0;53;;;
54;27;0;54;;;
55;1;0;55;;;
56;3;0;56;;;
57;0;0;57;;;
58;0;0;58;;;
59;14;0;59;;;
60;7;0;60;;;
61;10;0;61;;;
62;11;0;62;;;
63;4;0;63;;;
64;12;0;64;;;
65;25;0;65;;;
66;0;0;66;;;
67;2;0;67;;;
68;17;0;68;;;
69;0;0;69;;;
70;11;0;70;;;
71;0;0;71;;;
72;0;0;72;;;
73;1;0;73;;;
74;4;0;74;;;
75;9;0;75;;;
76;0;0;76;;;
77;1;0;77;;;
78;0;0;78;;;
79;2;0;79;;;
80;0;0;80;;;
81;3;0;81;;;
82;1;0;82;;;
83;10;0;83;;;
84;15;0;84;;;
85;9;0;85;;;
86;0;0;86;;;
87;3;0;87;;;
88;9;0;88;;;
89;0;0;89;;;
90;3;0;90;;;
91;0;0;91;;;
92;9;0;92;;;
93;6;0;93;;;
94;37;0;94;;;
95;1;0;95;;;
96;1;0;96;;;
97;2;0;97;;;
98;9;0;98;;;
99;13;0;99;;;
100;25;0;100;;;
101;0;0;101;;;
102;1;0;102;;;
103;2;0;103;;;
104;2;0;104;;;
105;3;0;105;;;
106;0;0;106;;;
107;9;0;107;;;
108;1;0;108;;;
109;4;0;109;;;
110;1;0;110;;;
111;1;0;111;;;
112;0;0;112;;;
113;3;0;113;;;
114;0;0;114;;;
115;0;0;115;;;
116;1;0;116;;;
117;0;0;117;;;
118;4;0;118;;;
119;19;0;119;;;
120;9;0;120;;;
121;0;0;121;;;
122;9;0;122;;;
123;1;0;123;;;
124;1;0;124;;;
125;3;0;125;;;
126;12;0;126;;;
127;4;0;127;;;
128;8;0;128;;;
129;2;0;129;;;
130;4;0;130;;;
131;2;0;131;;;
132;11;0;132;;;
133;0;0;133;;;
134;17;0;134;;;
135;11;0;135;;;
136;0;0;136;;;
137;0;0;137;;;
138;14;0;138;;;
139;27;0;139;;;
140;0;0;140;;;
141;3;0;141;;;
142;0;0;142;;;
143;7;0;143;;;
144;1;0;144;;;
145;0;0;145;;;
146;15;0;146;;;
147;5;0;147;;;
148;9;0;148;;;
149;18;0;149;;;
150;11;0;150;;;
151;17;0;151;;;
152;0;0;152;;;
153;9;0;153;;;
154;8;0;154;;;
155;0;0;155;;;
156;2;0;156;;;
157;1;0;157;;;
158;1;0;158;;;
159;7;0;159;;;
160;25;0;160;;;
161;4;0;161;;;
162;3;0;162;;;
163;3;0;163;;;
164;0;0;164;;;
165;0;0;165;;;
166;0;0;166;;;
167;2;0;167;;;
168;0;0;168;;;
169;5;0;169;;;
170;19;0;170;;;
171;2;0;171;;;
172;20;0;172;;;
173;4;0;173;;;
174;2;0;174;;;
175;1;0;175;;;
176;0;0;176;;;
177;0;0;177;;;
178;0;0;178;;;
179;4;0;179;;;
180;25;0;180;;;
181;19;0;181;;;
182;5;0;182;;;
183;2;0;183;;;
184;15;0;184;;;
185;3;0;185;;;
186;10;0;186;;;
187;13;0;187;;;
188;4;0;188;;;
189;2;0;189;;;
190;0;0;190;;;
191;7;0;191;;;
192;8;0;192;;;
193;0;0;193;;;
194;1;0;194;;;
195;7;0;195;;;
196;3;0;196;;;
197;6;0;197;;;
198;2;0;198;;;
199;2;0;199;;;
200;1;0;200;;;
201;16;0;201;;;
202;2;0;202;;;
203;0;0;203;;;
204;17;0;204;;;
205;2;0;205;;;
206;0;0;206;;;
207;0;0;207;;;
208;3;0;208;;;
209;12;0;209;;;
210;13;0;210;;;
211;12;0;211;;;
212;14;0;212;;;
213;12;0;213;;;
214;1;0;214;;;
215;2;0;215;;;
216;2;0;216;;;
217;18;0;217;;;
218;9;0;218;;;
219;7;0;219;;;
220;10;0;220;;;
221;6;0;221;;;
222;9;0;222;;;
223;0;0;223;;;
224;3;0;224;;;
225;7;0;225;;;
226;7;0;226;;;
227;5;0;227;;;
228;7;0;228;;;
229;24;0;229;;;
230;1;0;230;;;
231;0;0;231;;;
232;12;0;232;;;
233;9;0;233;;;
234;0;0;234;;;
235;6;0;235;;;
236;8;0;236;;;
237;11;0;237;;;
238;3;0;238;;;
239;2;0;239;;;
240;2;0;240;;;
241;0;0;241;;;
242;2;0;242;;;
243;8;0;243;;;
244;1;0;244;;;
245;1;0;245;;;
246;0;0;246;;;
247;18;0;247;;;
248;2;0;248;;;
249;2;0;249;;;
250;5;0;250;;;
251;2;0;251;;;
252;2;0;252;;;
253;1;0;253;;;
254;16;0;254;;;
255;8;0;255;;;
256;13;0;256;;;
257;3;0;257;;;
258;17;0;258;;;
259;10;0;259;;;
260;1;0;260;;;
261;0;0;261;;;
262;0;0;262;;;
263;0;0;263;;;
264;10;0;264;;;
265;1;0;265;;;
266;1;0;266;;;
267;15;0;267;;;
268;0;0;268;;;
269;1;0;269;;;
270;0;0;270;;;
271;1;0;271;;;
272;0;0;272;;;
273;6;0;273;;;
274;0;0;274;;;
275;0;0;275;;;
276;1;0;276;;;
277;0;0;277;;;
278;12;0;278;;;
279;2;0;279;;;
280;0;0;280;;;
281;5;0;281;;;
282;2;0;282;;;
283;11;0;283;;;
284;27;0;284;;;
285;0;0;285;;;
286;2;0;286;;;
287;2;0;287;;;
288;8;0;288;;;
289;0;0;289;;;
290;0;0;290;;;
291;0;0;291;;;
292;9;0;292;;;
293;14;0;293;;;
294;10;0;294;;;
295;15;0;295;;;
296;0;0;296;;;
297;2;0;297;;;
298;1;0;298;;;
299;0;0;299;;;
300;0;0;300;;;
301;0;0;301;;;
302;3;0;302;;;
303;10;0;303;;;
304;6;0;304;;;
305;0;0;305;;;
306;0;0;306;;;
307;1;0;307;;;
308;2;0;308;;;
309;1;0;309;;;
310;0;0;310;;;
311;6;0;311;;;
312;0;0;312;;;
313;22;0;313;;;
314;0;0;314;;;
315;0;0;315;;;
316;1;0;316;;;
317;0;0;317;;;
318;2;0;318;;;
319;0;0;319;;;
320;0;0;320;;;
321;2;0;321;;;
322;2;0;322;;;
323;0;0;323;;;
324;0;0;324;;;
325;1;0;325;;;
326;4;0;326;;;
327;6;0;327;;;
328;8;0;328;;;
329;0;0;329;;;
330;9;0;330;;;
331;8;0;331;;;
332;24;0;332;;;
333;1;0;333;;;
334;1;0;334;;;
335;1;0;335;;;
336;13;0;336;;;
337;0;0;337;;;
338;1;0;338;;;
339;8;0;339;;;
340;7;0;340;;;
341;1;0;341;;;
342;2;0;342;;;
343;6;0;343;;;
344;3;0;344;;;
345;25;0;345;;;
346;3;0;346;;;
347;6;0;347;;;
348;0;0;348;;;
349;1;0;349;;;
350;6;0;350;;;
351;0;0;351;;;
352;3;0;352;;;
353;15;0;353;;;
354;0;0;354;;;
355;5;0;355;;;
356;6;0;356;;;
357;3;0;357;;;
358;0;0;358;;;
359;4;0;359;;;
360;9;0;360;;;
361;5;0;361;;;
362;2;0;362;;;
363;2;0;363;;;
364;10;0;364;;;
365;6;0;365;;;
366;35;0;366;;;
367;28;0;367;;;
368;12;0;368;;;
369;1;0;369;;;
370;0;0;370;;;
371;0;0;371;;;
372;18;0;372;;;
373;0;0;373;;;
374;12;0;374;;;
375;10;0;375;;;
376;17;0;376;;;
377;0;0;377;;;
378;1;0;378;;;
379;0;0;379;;;
380;10;0;380;;;
381;0;0;381;;;
382;4;0;382;;;
383;0;0;383;;;
384;2;0;384;;;
385;0;0;385;;;
386;0;0;386;;;
387;5;0;387;;;
388;0;0;388;;;
389;7;0;389;;;
390;2;0;390;;;
391;28;0;391;;;
392;3;0;392;;;
393;3;0;393;;;
394;0;0;394;;;
395;21;0;395;;;
396;12;0;396;;;
397;29;0;397;;;
398;31;0;398;;;
399;0;0;399;;;
400;2;0;400;;;
401;7;0;401;;;
402;27;0;402;;;
403;5;0;403;;;
404;16;0;404;;;
405;3;0;405;;;
406;4;0;406;;;
407;2;0;407;;;
408;11;0;408;;;
409;15;0;409;;;
410;1;0;410;;;
411;0;0;411;;;
412;2;0;412;;;
413;0;0;413;;;
414;27;0;414;;;
415;12;0;415;;;
416;0;0;416;;;
417;0;0;417;;;
418;2;0;418;;;
419;22;0;419;;;
420;7;0;420;;;
421;8;0;421;;;
422;2;0;422;;;
423;6;0;423;;;
424;2;0;424;;;
425;8;0;425;;;
426;10;0;426;;;
427;1;0;427;;;
428;3;0;428;;;
429;2;0;429;;;
430;6;0;430;;;
431;0;0;431;;;
432;5;0;432;;;
433;9;0;433;;;
434;2;0;434;;;
435;17;0;435;;;
436;6;0;436;;;
437;3;0;437;;;
438;2;0;438;;;
439;0;0;439;;;
440;2;0;440;;;
441;4;0;441;;;
442;11;0;442;;;
443;21;0;443;;;
444;0;0;444;;;
445;16;0;445;;;
446;0;0;446;;;
447;2;0;447;;;
448;2;0;448;;;
449;9;0;449;;;
450;0;0;450;;;
451;0;0;451;;;
452;13;0;452;;;
453;6;0;453;;;
454;3;0;454;;;
455;2;0;455;;;
456;6;0;456;;;
457;8;0;457;;;
458;11;0;458;;;
459;5;0;459;;;
460;9;0;460;;;
461;1;0;461;;;
462;9;0;462;;;
463;0;0;463;;;
464;2;0;464;;;
465;5;0;465;;;
466;4;0;466;;;
467;11;0;467;;;
468;7;0;468;;;
469;11;0;469;;;
470;10;0;470;;;
471;2;0;471;;;
472;24;0;472;;;
473;8;0;473;;;
474;4;0;474;;;
475;1;0;475;;;
476;1;0;476;;;
477;5;0;477;;;
478;6;0;478;;;
479;5;0;479;;;
480;9;0;480;;;
481;10;0;481;;;
482;8;0;482;;;
483;2;0;483;;;
484;13;0;484;;;
485;3;0;485;;;
486;23;0;486;;;
487;3;0;487;;;
488;2;0;488;;;
489;2;0;489;;;
490;9;0;490;;;
491;17;0;491;;;
492;10;0;492;;;
493;10;0;493;;;
494;1;0;494;;;
495;17;0;495;;;
496;11;0;496;;;
497;4;0;497;;;
498;23;0;498;;;
499;0;0;499;;;
500;4;0;500;;;
501;0;0;501;;;
502;20;0;502;;;
503;15;0;503;;;
504;5;0;504;;;
505;1;0;505;;;
506;6;0;506;;;
507;12;0;507;;;
508;3;0;508;;;
509;3;0;509;;;
510;40;0;510;;;
511;33;0;511;;;
512;4;0;512;;;
513;0;0;513;;;
514;3;0;514;;;
515;15;0;515;;;
516;1;0;516;;;
517;27;0;517;;;
518;0;0;518;;;
519;21;0;519;;;
520;14;0;520;;;
521;4;0;521;;;
522;8;0;522;;;
523;17;0;523;;;
524;2;0;524;;;
525;15;0;525;;;
526;0;0;526;;;
527;1;0;527;;;
528;4;0;528;;;
529;6;0;529;;;
530;6;0;530;;;
531;1;0;531;;;
532;3;0;532;;;
533;1;0;533;;;
534;3;0;534;;;
535;1;0;535;;;
536;2;0;536;;;
537;4;0;537;;;
538;27;0;538;;;
539;12;0;539;;;
540;0;0;540;;;
541;0;0;541;;;
542;10;0;542;;;
543;7;0;543;;;
544;0;0;544;;;
545;1;0;545;;;
546;14;0;546;;;
547;0;0;547;;;
548;5;0;548;;;
549;2;0;549;;;
550;0;0;550;;;
551;0;0;551;;;
552;2;0;552;;;
553;3;0;553;;;
554;8;0;554;;;
555;4;0;555;;;
556;1;0;556;;;
557;2;0;557;;;
558;2;0;558;;;
559;0;0;559;;;
560;0;0;560;;;
561;29;0;561;;;
562;2;0;562;;;
563;0;0;563;;;
564;1;0;564;;;
565;0;0;565;;;
566;0;0;566;;;
567;3;0;567;;;
568;14;0;568;;;
569;0;0;569;;;
570;1;0;570;;;
571;0;0;571;;;
572;0;0;572;;;
573;17;0;573;;;
574;0;0;574;;;
575;11;0;575;;;
576;0;0;576;;;
577;0;0;577;;;
578;2;0;578;;;
579;0;0;579;;;
580;8;0;580;;;
581;2;0;581;;;
582;4;0;582;;;
583;31;0;583;;;
584;0;0;584;;;
585;0;0;585;;;
586;0;0;586;;;
587;9;0;587;;;
588;1;0;588;;;
589;8;0;589;;;
590;0;0;590;;;
591;4;0;591;;;
592;1;0;592;;;
593;7;0;593;;;
594;14;0;594;;;
595;1;0;595;;;
596;0;0;596;;;
597;9;0;597;;;
598;5;0;598;;;
599;0;0;599;;;
600;2;0;600;;;
601;28;0;601;;;
602;35;0;602;;;
603;5;0;603;;;
604;2;0;604;;;
605;8;0;605;;;
606;1;0;606;;;
607;5;0;607;;;
608;5;0;608;;;
609;0;0;609;;;
610;0;0;610;;;
611;0;0;611;;;
612;7;0;612;;;
613;4;0;613;;;
614;2;0;614;;;
615;2;0;615;;;
616;0;0;616;;;
617;4;0;617;;;
618;9;0;618;;;
619;25;0;619;;;
620;22;0;620;;;
621;2;0;621;;;
622;0;0;622;;;
623;22;0;623;;;
624;6;0;624;;;
625;5;0;625;;;
626;8;0;626;;;
627;16;0;627;;;
628;0;0;628;;;
629;21;0;629;;;
630;0;0;630;;;
631;0;0;631;;;
632;16;0;632;;;
633;0;0;633;;;
634;1;0;634;;;
635;6;0;635;;;
636;10;0;636;;;
637;17;0;637;;;
638;15;0;638;;;
639;1;0;639;;;
640;5;0;640;;;
641;0;0;641;;;
642;6;0;642;;;
643;2;0;643;;;
644;1;0;644;;;
645;2;0;645;;;
646;5;0;646;;;
647;0;0;647;;;
648;2;0;648;;;
649;5;0;649;;;
650;4;0;650;;;
651;0;0;651;;;
652;11;0;652;;;
653;1;0;653;;;
654;2;0;654;;;
655;10;0;655;;;
656;0;0;656;;;
657;0;0;657;;;
658;7;0;658;;;
659;2;0;659;;;
660;19;0;660;;;
661;9;0;661;;;
662;10;0;662;;;
663;3;0;663;;;
664;0;0;664;;;
665;0;0;665;;;
666;0;0;666;;;
667;12;0;667;;;
668;2;0;668;;;
669;5;0;669;;;
670;2;0;670;;;
671;5;0;671;;;
672;0;0;672;;;
673;15;0;673;;;
674;4;0;674;;;
675;15;0;675;;;
676;5;0;676;;;
677;0;0;677;;;
678;16;0;678;;;
679;23;0;679;;;
680;10;0;680;;;
681;13;0;681;;;
682;0;0;682;;;
683;9;0;683;;;
684;0;0;684;;;
685;2;0;685;;;
686;8;0;686;;;
687;0;0;687;;;
688;0;0;688;;;
689;2;0;689;;;
690;1;0;690;;;
691;0;0;691;;;
692;0;0;692;;;
693;1;0;693;;;
694;1;0;694;;;
695;11;0;695;;;
696;1;0;696;;;
697;3;0;697;;;
698;0;0;698;;;
699;2;0;699;;;
700;1;0;700;;;
701;24;0;701;;;
702;0;0;702;;;
703;0;0;703;;;
704;14;0;704;;;
705;3;0;705;;;
706;1;0;706;;;
707;8;0;707;;;
708;7;0;708;;;
709;3;0;709;;;
710;2;0;710;;;
711;4;0;711;;;
712;0;0;712;;;
713;18;0;713;;;
714;9;0;714;;;
715;18;0;715;;;
716;0;0;716;;;
717;10;0;717;;;
718;10;0;718;;;
719;22;0;719;;;
720;0;0;720;;;
721;11;0;721;;;
722;0;0;722;;;
723;0;0;723;;;
724;1;0;724;;;
725;33;0;725;;;
726;13;0;726;;;
727;34;0;727;;;
728;1;0;728;;;
729;1;0;729;;;
730;11;0;730;;;
731;4;0;731;;;
732;17;0;732;;;
733;2;0;733;;;
734;13;0;734;;;
735;0;0;735;;;
736;16;0;736;;;
737;0;0;737;;;
738;3;0;738;;;
739;5;0;739;;;
740;11;0;740;;;
741;3;0;741;;;
742;19;0;742;;;
743;1;0;743;;;
744;12;0;744;;;
745;3;0;745;;;
746;3;0;746;;;
747;0;0;747;;;
748;8;0;748;;;
749;11;0;749;;;
750;0;0;750;;;
751;0;0;751;;;
752;10;0;752;;;
753;9;0;753;;;
754;1;0;754;;;
755;27;0;755;;;
756;0;0;756;;;
757;0;0;757;;;
758;4;0;758;;;
759;0;0;759;;;
760;1;0;760;;;
761;2;0;761;;;
762;11;0;762;;;
763;2;0;763;;;
764;2;0;764;;;
765;5;0;765;;;
766;2;0;766;;;
767;2;0;767;;;
768;0;0;768;;;
769;6;0;769;;;
770;0;0;770;;;
771;0;0;771;;;
772;3;0;772;;;
773;35;0;773;;;
774;5;0;774;;;
775;10;0;775;;;
776;1;0;776;;;
777;43;0;777;;;
778;2;0;778;;;
779;3;0;779;;;
780;0;0;780;;;
781;0;0;781;;;
782;14;0;782;;;
783;0;0;783;;;
784;5;0;784;;;
785;0;0;785;;;
786;0;0;786;;;
787;0;0;787;;;
788;11;0;788;;;
789;1;0;789;;;
790;25;0;790;;;
791;1;0;791;;;
792;1;0;792;;;
793;2;0;793;;;
794;1;0;794;;;
795;1;0;795;;;
796;11;0;796;;;
797;8;0;797;;;
798;0;0;798;;;
799;0;0;799;;;
800;16;0;800;;;
801;0;0;801;;;
802;3;0;802;;;
803;15;0;803;;;
804;2;0;804;;;
805;0;0;805;;;
806;16;0;806;;;
807;0;0;807;;;
808;0;0;808;;;
809;1;0;809;;;
810;0;0;810;;;
811;5;0;811;;;
812;11;0;812;;;
813;4;0;813;;;
814;2;0;814;;;
815;3;0;815;;;
816;0;0;816;;;
817;1;0;817;;;
818;8;0;818;;;
819;0;0;819;;;
820;3;0;820;;;
821;0;0;821;;;
822;3;0;822;;;
823;15;0;823;;;
824;0;0;824;;;
825;2;0;825;;;
826;12;0;826;;;
827;16;0;827;;;
828;19;0;828;;;
829;2;0;829;;;
830;2;0;830;;;
831;2;0;831;;;
832;4;0;832;;;
833;0;0;833;;;
834;4;0;834;;;
835;6;0;835;;;
836;9;0;836;;;
837;1;0;837;;;
838;7;0;838;;;
839;0;0;839;;;
840;2;0;840;;;
841;2;0;841;;;
842;7;0;842;;;
843;9;0;843;;;
844;19;0;844;;;
845;4;0;845;;;
846;4;0;846;;;
847;3;0;847;;;
848;0;0;848;;;
849;3;0;849;;;
850;24;0;850;;;
851;21;0;851;;;
852;9;0;852;;;
853;0;0;853;;;
854;0;0;854;;;
855;9;0;855;;;
856;4;0;856;;;
857;7;0;857;;;
858;1;0;858;;;
859;9;0;859;;;
860;3;0;860;;;
861;6;0;861;;;
862;0;0;862;;;
863;8;0;863;;;
864;15;0;864;;;
865;1;0;865;;;
866;3;0;866;;;
867;2;0;867;;;
868;4;0;868;;;
869;5;0;869;;;
870;5;0;870;;;
871;13;0;871;;;
872;8;0;872;;;
873;0;0;873;;;
874;3;0;874;;;
875;0;0;875;;;
876;9;0;876;;;
877;5;0;877;;;
878;9;0;878;;;
879;5;0;879;;;
880;7;0;880;;;
881;3;0;881;;;
882;2;0;882;;;
883;5;0;883;;;
884;4;0;884;;;
885;3;0;885;;;
886;21;0;886;;;
887;1;0;887;;;
888;2;0;888;;;
889;8;0;889;;;
890;2;0;890;;;
891;7;0;891;;;
892;16;0;892;;;
893;3;0;893;;;
894;5;0;894;;;
895;0;0;895;;;
896;0;0;896;;;
897;9;0;897;;;
898;15;0;898;;;
899;4;0;899;;;
900;24;0;900;;;
901;2;0;901;;;
902;10;0;902;;;
903;6;0;903;;;
904;13;0;904;;;
905;12;0;905;;;
906;0;0;906;;;
907;21;0;907;;;
908;1;0;908;;;
909;1;0;909;;;
910;1;0;910;;;
911;1;0;911;;;
912;20;0;912;;;
913;7;0;913;;;
914;1;0;914;;;
915;1;0;915;;;
916;0;0;916;;;
917;1;0;917;;;
918;0;0;918;;;
919;2;0;919;;;
920;6;0;920;;;
921;16;0;921;;;
922;5;0;922;;;
923;14;0;923;;;
924;5;0;924;;;
925;0;0;925;;;
926;6;0;926;;;
927;35;0;927;;;
928;0;0;928;;;
929;0;0;929;;;
930;25;0;930;;;
931;24;0;931;;;
932;2;0;932;;;
933;6;0;933;;;
934;2;0;934;;;
935;14;0;935;;;
936;7;0;936;;;
937;2;0;937;;;
938;3;0;938;;;
939;9;0;939;;;
940;29;0;940;;;
941;11;0;941;;;
942;2;0;942;;;
943;1;0;943;;;
944;0;0;944;;;
945;0;0;945;;;
946;4;0;946;;;
947;0;0;947;;;
948;2;0;948;;;
949;8;0;949;;;
950;21;0;950;;;
951;21;0;951;;;
952;11;0;952;;;
953;1;0;953;;;
954;4;0;954;;;
955;4;0;955;;;
956;0;0;956;;;
957;7;0;957;;;
958;16;0;958;;;
959;1;0;959;;;
960;7;0;960;;;
961;2;0;961;;;
962;7;0;962;;;
963;5;0;963;;;
964;5;0;964;;;
965;0;0;965;;;
966;3;0;966;;;
967;30;0;967;;;
968;7;0;968;;;
969;24;0;969;;;
970;0;0;970;;;
971;2;0;971;;;
972;1;0;972;;;
973;3;0;973;;;
974;14;0;974;;;
975;6;0;975;;;
976;0;0;976;;;
977;6;0;977;;;
978;0;0;978;;;
979;4;0;979;;;
980;4;0;980;;;
981;16;0;981;;;
982;0;0;982;;;
983;3;0;983;;;
984;0;0;984;;;
985;1;0;985;;;
986;2;0;986;;;
987;31;0;987;;;
988;13;0;988;;;
989;10;0;989;;;
990;0;0;990;;;
991;0;0;991;;;
992;2;0;992;;;
993;6;0;993;;;
994;3;0;994;;;
995;3;0;995;;;
996;4;0;996;;;
997;25;0;997;;;
998;0;0;998;;;
999;4;0;999;;;
1000;7;0;1000;;;
1001;8;0;1001;;;
1002;2;0;1002;;;
1003;9;0;1003;;;
1004;1;0;1004;;;
1005;6;0;1005;;;
1006;4;0;1006;;;
1007;21;0;1007;;;
1008;24;0;1008;;;
1009;16;0;1009;;;
1010;3;0;1010;;;
1011;4;0;1011;;;
1012;0;0;1012;;;
1013;0;0;1013;;;
1014;28;0;1014;;;
1015;1;0;1015;;;
1016;2;0;1016;;;
1017;0;0;1017;;;
1018;8;0;1018;;;
1019;13;0;1019;;;
1020;0;0;1020;;;
1021;7;0;1021;;;
1022;10;0;1022;;;
1023;6;0;1023;;;
1024;0;0;1024;;;
1025;16;0;1025;;;
1026;0;0;1026;;;
1027;9;0;1027;;;
1028;2;0;1028;;;
1029;6;0;1029;;;
1030;0;0;1030;;;
1031;7;0;1031;;;
1032;0;0;1032;;;
1033;0;0;1033;;;
1034;20;0;1034;;;
1035;5;0;1035;;;
1036;11;0;1036;;;
1037;8;0;1037;;;
1038;5;0;1038;;;
1039;0;0;1039;;;
1040;0;0;1040;;;
1041;8;0;1041;;;
1042;8;0;1042;;;
1043;10;0;1043;;;
1044;14;0;1044;;;
1045;1;0;1045;;;
1046;2;0;1046;;;
1047;5;0;1047;;;
1048;0;0;1048;;;
1049;0;0;1049;;;
1050;11;0;1050;;;
1051;2;0;1051;;;
1052;12;0;1052;;;
1053;0;0;1053;;;
1054;0;0;1054;;;
1055;8;0;1055;;;
1056;14;0;1056;;;
1057;4;0;1057;;;
1058;3;0;1058;;;
1059;5;0;1059;;;
1060;0;0;1060;;;
1061;7;0;1061;;;
1062;0;0;1062;;;
1063;1;0;1063;;;
1064;11;0;1064;;;
1065;0;0;1065;;;
1066;0;0;1066;;;
1067;2;0;1067;;;
1068;0;0;1068;;;
1069;2;0;1069;;;
1070;4;0;1070;;;
1071;0;0;1071;;;
1072;10;0;1072;;;
1073;0;0;1073;;;
1074;0;0;1074;;;
1075;0;0;1075;;;
1076;2;0;1076;;;
1077;21;0;1077;;;
1078;5;0;1078;;;
1079;10;0;1079;;;
1080;5;0;1080;;;
1081;19;0;1081;;;
1082;1;0;1082;;;
1083;3;0;1083;;;
1084;0;0;1084;;;
1085;4;0;1085;;;
1086;3;0;1086;;;
1087;10;0;1087;;;
1088;1;0;1088;;;
1089;1;0;1089;;;
1090;1;0;1090;;;
1091;11;0;1091;;;
1092;14;0;1092;;;
1093;18;0;1093;;;
1094;3;0;1094;;;
1095;5;0;1095;;;
1096;0;0;1096;;;
1097;6;0;1097;;;
1098;0;0;1098;;;
1099;5;0;1099;;;
1100;1;0;1100;;;
1101;0;0;1101;;;
1102;2;0;1102;;;
1103;18;0;1103;;;
1104;6;0;1104;;;
1105;0;0;1105;;;
1106;6;0;1106;;;
1107;1;0;1107;;;
1108;4;0;1108;;;
1109;7;0;1109;;;
1110;9;0;1110;;;
1111;5;0;1111;;;
1112;0;0;1112;;;
1113;20;0;1113;;;
1114;4;0;1114;;;
1115;2;0;1115;;;
1116;19;0;1116;;;
1117;2;0;1117;;;
1118;0;0;1118;;;
1119;9;0;1119;;;
1120;5;0;1120;;;
1121;0;0;1121;;;
1122;1;0;1122;;;
1123;2;0;1123;;;
1124;1;0;1124;;;
1125;4;0;1125;;;
1126;13;0;1126;;;
1127;6;0;1127;;;
1128;0;0;1128;;;
1129;2;0;1129;;;
1130;9;0;1130;;;
1131;7;0;1131;;;
1132;36;0;1132;;;
1133;0;0;1133;;;
1134;0;0;1134;;;
1135;4;0;1135;;;
1136;0;0;1136;;;
1137;0;0;1137;;;
1138;15;0;1138;;;
1139;1;0;1139;;;
1140;8;0;1140;;;
1141;0;0;1141;;;
1142;0;0;1142;;;
1143;29;0;1143;;;
1144;20;0;1144;;;
1145;18;0;1145;;;
1146;0;0;1146;;;
1147;32;0;1147;;;
1148;3;0;1148;;;
1149;1;0;1149;;;
1150;2;0;1150;;;
1151;11;0;1151;;;
1152;21;0;1152;;;
1153;0;0;1153;;;
1154;4;0;1154;;;
1155;1;0;1155;;;
1156;4;0;1156;;;
1157;16;0;1157;;;
1158;10;0;1158;;;
1159;17;0;1159;;;
1160;16;0;1160;;;
1161;0;0;1161;;;
1162;5;0;1162;;;
1163;6;0;1163;;;
1164;11;0;1164;;;
1165;3;0;1165;;;
1166;9;0;1166;;;
1167;1;0;1167;;;
1168;18;0;1168;;;
1169;2;0;1169;;;
1170;21;0;1170;;;
1171;7;0;1171;;;
1172;4;0;1172;;;
1173;0;0;1173;;;
1174;3;0;1174;;;
1175;0;0;1175;;;
1176;0;0;1176;;;
1177;4;0;1177;;;
1178;2;0;1178;;;
1179;6;0;1179;;;
1180;23;0;1180;;;
1181;0;0;1181;;;
1182;3;0;1182;;;
1183;0;0;1183;;;
1184;4;0;1184;;;
1185;2;0;1185;;;
1186;1;0;1186;;;
1187;3;0;1187;;;
1188;3;0;1188;;;
1189;4;0;1189;;;
1190;0;0;1190;;;
1191;9;0;1191;;;
1192;3;0;1192;;;
1193;9;0;1193;;;
1194;13;0;1194;;;
1195;3;0;1195;;;
1196;5;0;1196;;;
1197;3;0;1197;;;
1198;13;0;1198;;;
1199;15;0;1199;;;
1200;3;0;1200;;;
1201;5;0;1201;;;
1202;0;0;1202;;;
1203;15;0;1203;;;
1204;3;0;1204;;;
1205;8;0;1205;;;
1206;3;0;1206;;;
1207;4;0;1207;;;
1208;8;0;1208;;;
1209;1;0;1209;;;
1210;4;0;1210;;;
1211;12;0;1211;;;
1212;1;0;1212;;;
1213;0;0;1213;;;
1214;2;0;1214;;;
1215;0;0;1215;;;
1216;0;0;1216;;;
1217;0;0;1217;;;
1218;0;0;1218;;;
1219;20;0;1219;;;
1220;3;0;1220;;;
1221;0;0;1221;;;
1222;2;0;1222;;;
1223;2;0;1223;;;
1224;0;0;1224;;;
1225;0;0;1225;;;
1226;5;0;1226;;;
1227;2;0;1227;;;
1228;5;0;1228;;;
1229;0;0;1229;;;
1230;7;0;1230;;;
1231;26;0;1231;;;
1232;2;0;1232;;;
1233;20;0;1233;;;
1234;22;0;1234;;;
1235;2;0;1235;;;
1236;0;0;1236;;;
1237;0;0;1237;;;
1238;17;0;1238;;;
1239;4;0;1239;;;
1240;4;0;1240;;;
1241;5;0;1241;;;
1242;7;0;1242;;;
1243;4;0;1243;;;
1244;14;0;1244;;;
1245;13;0;1245;;;
1246;17;0;1246;;;
1247;14;0;1247;;;
1248;15;0;1248;;;
1249;6;0;1249;;;
1250;1;0;1250;;;
1251;8;0;1251;;;
1252;2;0;1252;;;
1253;6;0;1253;;;
1254;3;0;1254;;;
1255;2;0;1255;;;
1256;4;0;1256;;;
1257;4;0;1257;;;
1258;10;0;1258;;;
1259;0;0;1259;;;
1260;7;0;1260;;;
1261;42;0;1261;;;
1262;8;0;1262;;;
1263;2;0;1263;;;
1264;1;0;1264;;;
1265;0;0;1265;;;
1266;11;0;1266;;;
1267;20;0;1267;;;
1268;5;0;1268;;;
1269;5;0;1269;;;
1270;7;0;1270;;;
1271;2;0;1271;;;
1272;4;0;1272;;;
1273;4;0;1273;;;
1274;10;0;1274;;;
1275;1;0;1275;;;
1276;0;0;1276;;;
1277;2;0;1277;;;
1278;9;0;1278;;;
1279;3;0;1279;;;
1280;3;0;1280;;;
1281;1;0;1281;;;
1282;24;0;1282;;;
1283;0;0;1283;;;
1284;2;0;1284;;;
1285;4;0;1285;;;
1286;5;0;1286;;;
1287;4;0;1287;;;
1288;1;0;1288;;;
1289;0;0;1289;;;
1290;6;0;1290;;;
1291;6;0;1291;;;
1292;1;0;1292;;;
1293;12;0;1293;;;
1294;9;0;1294;;;
1295;37;0;1295;;;
1296;0;0;1296;;;
1297;3;0;1297;;;
1298;1;0;1298;;;
1299;5;0;1299;;;
1300;8;0;1300;;;
1301;1;0;1301;;;
1302;5;0;1302;;;
1303;2;0;1303;;;
1304;9;0;1304;;;
1305;31;0;1305;;;
1306;4;0;1306;;;
1307;10;0;1307;;;
1308;22;0;1308;;;
1309;14;0;1309;;;
1310;10;0;1310;;;
1311;2;0;1311;;;
1312;1;0;1312;;;
1313;2;0;1313;;;
1314;4;0;1314;;;
1315;26;0;1315;;;
1316;1;0;1316;;;
1317;28;0;1317;;;
1318;28;0;1318;;;
1319;2;0;1319;;;
1320;14;0;1320;;;
1321;1;0;1321;;;
1322;0;0;1322;;;
1323;1;0;1323;;;
1324;0;0;1324;;;
1325;5;0;1325;;;
1326;8;0;1326;;;
1327;0;0;1327;;;
1328;20;0;1328;;;
1329;13;0;1329;;;
1330;5;0;1330;;;
1331;9;0;1331;;;
1332;2;0;1332;;;
1333;2;0;1333;;;
1334;12;0;1334;;;
1335;19;0;1335;;;
1336;14;0;1336;;;
1337;28;0;1337;;;
1338;23;0;1338;;;
1339;5;0;1339;;;
1340;0;0;1340;;;
1341;1;0;1341;;;
1342;0;0;1342;;;
1343;7;0;1343;;;
1344;10;0;1344;;;
1345;13;0;1345;;;
1346;16;0;1346;;;
1347;6;0;1347;;;
1348;0;0;1348;;;
1349;8;0;1349;;;
1350;4;0;1350;;;
1351;0;0;1351;;;
1352;5;0;1352;;;
1353;2;0;1353;;;
1354;8;0;1354;;;
1355;0;0;1355;;;
1356;5;0;1356;;;
1357;2;0;1357;;;
1358;6;0;1358;;;
1359;18;0;1359;;;
1360;2;0;1360;;;
1361;2;0;1361;;;
1362;0;0;1362;;;
1363;0;0;1363;;;
1364;0;0;1364;;;
1365;19;0;1365;;;
1366;3;0;1366;;;
1367;26;0;1367;;;
1368;1;0;1368;;;
1369;9;0;1369;;;
1370;13;0;1370;;;
1371;14;0;1371;;;
1372;4;0;1372;;;
1373;3;0;1373;;;
1374;1;0;1374;;;
1375;10;0;1375;;;
1376;35;0;1376;;;
1377;3;0;1377;;;
1378;3;0;1378;;;
1379;2;0;1379;;;
1380;15;0;1380;;;
1381;18;0;1381;;;
1382;1;0;1382;;;
1383;3;0;1383;;;
1384;7;0;1384;;;
1385;9;0;1385;;;
1386;6;0;1386;;;
1387;3;0;1387;;;
1388;0;0;1388;;;
1389;4;0;1389;;;
1390;8;0;1390;;;
1391;1;0;1391;;;
1392;4;0;1392;;;
1393;18;0;1393;;;
1394;2;0;1394;;;
1395;0;0;1395;;;
1396;9;0;1396;;;
1397;35;0;1397;;;
1398;24;0;1398;;;
1399;0;0;1399;;;
1400;0;0;1400;;;
1401;2;0;1401;;;
1402;28;0;1402;;;
1403;1;0;1403;;;
1404;0;0;1404;;;
1405;0;0;1405;;;
1406;2;0;1406;;;
1407;28;0;1407;;;
1408;0;0;1408;;;
1409;13;0;1409;;;
1410;4;0;1410;;;
1411;11;0;1411;;;
1412;18;0;1412;;;
1413;10;0;1413;;;
1414;19;0;1414;;;
1415;1;0;1415;;;
1416;9;0;1416;;;
1417;2;0;1417;;;
1418;8;0;1418;;;
1419;0;0;1419;;;
1420;0;0;1420;;;
1421;1;0;1421;;;
1422;9;0;1422;;;
1423;15;0;1423;;;
1424;2;0;1424;;;
1425;0;0;1425;;;
1426;7;0;1426;;;
1427;15;0;1427;;;
1428;12;0;1428;;;
1429;3;0;1429;;;
1430;17;0;1430;;;
1431;3;0;1431;;;
1432;9;0;1432;;;
1433;0;0;1433;;;
1434;5;0;1434;;;
1435;27;0;1435;;;
1436;3;0;1436;;;
1437;0;0;1437;;;
1438;1;0;1438;;;
1439;1;0;1439;;;
1440;0;0;1440;;;
1441;7;0;1441;;;
1442;40;0;1442;;;
1443;4;0;1443;;;
1444;21;0;1444;;;
1445;10;0;1445;;;
1446;1;0;1446;;;
1447;5;0;1447;;;
1448;0;0;1448;;;
1449;7;0;1449;;;
1450;12;0;1450;;;
1451;0;0;1451;;;
1452;0;0;1452;;;
1453;7;0;1453;;;
1454;0;0;1454;;;
1455;19;0;1455;;;
1456;21;0;1456;;;
1457;1;0;1457;;;
1458;3;0;1458;;;
1459;2;0;1459;;;
1460;6;0;1460;;;
1461;9;0;1461;;;
1462;2;0;1462;;;
1463;15;0;1463;;;
1464;0;0;1464;;;
1465;25;0;1465;;;
1466;2;0;1466;;;
1467;2;0;1467;;;
1468;0;0;1468;;;
1469;15;0;1469;;;
1470;3;0;1470;;;
1471;0;0;1471;;;
1472;8;0;1472;;;
1473;6;0;1473;;;
1474;4;0;1474;;;
1475;1;0;1475;;;
1476;3;0;1476;;;
1477;3;0;1477;;;
1478;0;0;1478;;;
1479;1;0;1479;;;
1480;5;0;1480;;;
1481;5;0;1481;;;
1482;2;0;1482;;;
1483;0;0;1483;;;
1484;16;0;1484;;;
1485;5;0;1485;;;
1486;3;0;1486;;;
1487;1;0;1487;;;
1488;1;0;1488;;;
1489;0;0;1489;;;
1490;9;0;1490;;;
1491;4;0;1491;;;
1492;2;0;1492;;;
1493;22;0;1493;;;
1494;6;0;1494;;;
1495;3;0;1495;;;
1496;6;0;1496;;;
1497;18;0;1497;;;
1498;4;0;1498;;;
1499;1;0;1499;;;
1500;3;0;1500;;;
1501;0;0;1501;;;
1502;9;0;1502;;;
1503;0;0;1503;;;
1504;14;0;1504;;;
1505;6;0;1505;;;
1506;4;0;1506;;;
1507;1;0;1507;;;
1508;7;0;1508;;;
1509;13;0;1509;;;
1510;0;0;1510;;;
1511;8;0;1511;;;
1512;0;0;1512;;;
1513;9;0;1513;;;
1514;3;0;1514;;;
1515;9;0;1515;;;
1516;1;0;1516;;;
1517;0;0;1517;;;
1518;1;0;1518;;;
1519;2;0;1519;;;
1520;0;0;1520;;;
1521;10;0;1521;;;
1522;6;0;1522;;;
1523;13;0;1523;;;
1524;3;0;1524;;;
1525;8;0;1525;;;
1526;4;0;1526;;;
1527;7;0;1527;;;
1528;0;0;1528;;;
1529;9;0;1529;;;
1530;4;0;1530;;;
1531;6;0;1531;;;
1532;3;0;1532;;;
1533;15;0;1533;;;
1534;6;0;1534;;;
1535;17;0;1535;;;
1536;3;0;1536;;;
1537;1;0;1537;;;
1538;0;0;1538;;;
1539;2;0;1539;;;
1540;6;0;1540;;;
1541;0;0;1541;;;
1542;5;0;1542;;;
1543;3;0;1543;;;
1544;2;0;1544;;;
1545;0;0;1545;;;
1546;0;0;1546;;;
1547;15;0;1547;;;
1548;1;0;1548;;;
1549;18;0;1549;;;
1550;0;0;1550;;;
1551;14;0;1551;;;
1552;26;0;1552;;;
1553;1;0;1553;;;
1554;19;0;1554;;;
1555;19;0;1555;;;
1556;6;0;1556;;;
1557;6;0;1557;;;
1558;8;0;1558;;;
1559;0;0;1559;;;
1560;9;0;1560;;;
1561;2;0;1561;;;
1562;8;0;1562;;;
1563;0;0;1563;;;
1564;8;0;1564;;;
1565;7;0;1565;;;
1566;6;0;1566;;;
1567;13;0;1567;;;
1568;19;0;1568;;;
1569;0;0;1569;;;
1570;2;0;1570;;;
1571;8;0;1571;;;
1572;27;0;1572;;;
1573;6;0;1573;;;
1574;2;0;1574;;;
1575;13;0;1575;;;
1576;0;0;1576;;;
1577;2;0;1577;;;
1578;21;0;1578;;;
1579;1;0;1579;;;
1580;4;0;1580;;;
1581;2;0;1581;;;
1582;15;0;1582;;;
1583;8;0;1583;;;
1584;7;0;1584;;;
1585;8;0;1585;;;
1586;2;0;1586;;;
1587;1;0;1587;;;
1588;13;0;1588;;;
1589;5;0;1589;;;
1590;3;0;1590;;;
1591;0;0;1591;;;
1592;0;0;1592;;;
1593;8;0;1593;;;
1594;2;0;1594;;;
1595;2;0;1595;;;
1596;0;0;1596;;;
1597;7;0;1597;;;
1598;0;0;1598;;;
1599;3;0;1599;;;
1600;0;0;1600;;;
1601;6;0;1601;;;
1602;13;0;1602;;;
1603;1;0;1603;;;
1604;0;0;1604;;;
1605;1;0;1605;;;
1606;4;0;1606;;;
1607;0;0;1607;;;
1608;1;0;1608;;;
1609;4;0;1609;;;
1610;2;0;1610;;;
1611;0;0;1611;;;
1612;2;0;1612;;;
1613;0;0;1613;;;
1614;3;0;1614;;;
1615;3;0;1615;;;
1616;4;0;1616;;;
1617;7;0;1617;;;
1618;4;0;1618;;;
1619;1;0;1619;;;
1620;1;0;1620;;;
1621;3;0;1621;;;
1622;1;0;1622;;;
1623;4;0;1623;;;
1624;1;0;1624;;;
1625;11;0;1625;;;
1626;1;0;1626;;;
1627;16;0;1627;;;
1628;1;0;1628;;;
1629;0;0;1629;;;
1630;4;0;1630;;;
1631;0;0;1631;;;
1632;7;0;1632;;;
1633;0;0;1633;;;
1634;10;0;1634;;;
1635;3;0;1635;;;
1636;0;0;1636;;;
1637;6;0;1637;;;
1638;0;0;1638;;;
1639;21;0;1639;;;
1640;3;0;1640;;;
1641;4;0;1641;;;
1642;0;0;1642;;;
1643;8;0;1643;;;
1644;16;0;1644;;;
1645;9;0;1645;;;
1646;2;0;1646;;;
1647;2;0;1647;;;
1648;28;0;1648;;;
1649;21;0;1649;;;
1650;0;0;1650;;;
1651;6;0;1651;;;
1652;0;0;1652;;;
1653;8;0;1653;;;
1654;1;0;1654;;;
1655;0;0;1655;;;
1656;0;0;1656;;;
1657;1;0;1657;;;
1658;7;0;1658;;;
1659;9;0;1659;;;
1660;2;0;1660;;;
1661;0;0;1661;;;
1662;0;0;1662;;;
1663;0;0;1663;;;
1664;0;0;1664;;;
1665;4;0;1665;;;
1666;5;0;1666;;;
1667;5;0;1667;;;
1668;8;0;1668;;;
1669;6;0;1669;;;
1670;3;0;1670;;;
1671;0;0;1671;;;
1672;12;0;1672;;;
1673;0;0;1673;;;
1674;6;0;1674;;;
1675;19;0;1675;;;
1676;15;0;1676;;;
1677;9;0;1677;;;
1678;1;0;1678;;;
1679;6;0;1679;;;
1680;8;0;1680;;;
1681;0;0;1681;;;
1682;5;0;1682;;;
1683;6;0;1683;;;
1684;2;0;1684;;;
1685;0;0;1685;;;
1686;9;0;1686;;;
1687;5;0;1687;;;
1688;0;0;1688;;;
1689;23;0;1689;;;
1690;14;0;1690;;;
1691;6;0;1691;;;
1692;4;0;1692;;;
1693;2;0;1693;;;
1694;3;0;1694;;;
1695;4;0;1695;;;
1696;2;0;1696;;;
1697;1;0;1697;;;
1698;3;0;1698;;;
1699;7;0;1699;;;
1700;2;0;1700;;;
1701;3;0;1701;;;
1702;7;0;1702;;;
1703;1;0;1703;;;
1704;10;0;1704;;;
1705;9;0;1705;;;
1706;12;0;1706;;;
1707;0;0;1707;;;
1708;0;0;1708;;;
1709;34;0;1709;;;
1710;12;0;1710;;;
1711;5;0;1711;;;
1712;0;0;1712;;;
1713;0;0;1713;;;
1714;13;0;1714;;;
1715;11;0;1715;;;
1716;0;0;1716;;;
1717;0;0;1717;;;
1718;1;0;1718;;;
1719;14;0;1719;;;
1720;0;0;1720;;;
1721;13;0;1721;;;
1722;9;0;1722;;;
1723;2;0;1723;;;
1724;1;0;1724;;;
1725;10;0;1725;;;
1726;3;0;1726;;;
1727;2;0;1727;;;
1728;4;0;1728;;;
1729;3;0;1729;;;
1730;23;0;1730;;;
1731;25;0;1731;;;
1732;0;0;1732;;;
1733;0;0;1733;;;
1734;1;0;1734;;;
1735;19;0;1735;;;
1736;1;0;1736;;;
1737;1;0;1737;;;
1738;13;0;1738;;;
1739;0;0;1739;;;
1740;0;0;1740;;;
1741;1;0;1741;;;
1742;21;0;1742;;;
1743;33;0;1743;;;
1744;26;0;1744;;;
1745;8;0;1745;;;
1746;0;0;1746;;;
1747;0;0;1747;;;
1748;2;0;1748;;;
1749;3;0;1749;;;
1750;0;0;1750;;;
1751;13;0;1751;;;
1752;2;0;1752;;;
1753;0;0;1753;;;
1754;13;0;1754;;;
1755;3;0;1755;;;
1756;0;0;1756;;;
1757;4;0;1757;;;
1758;1;0;1758;;;
1759;5;0;1759;;;
1760;1;0;1760;;;
1761;2;0;1761;;;
1762;24;0;1762;;;
1763;0;0;1763;;;
1764;10;0;1764;;;
1765;3;0;1765;;;
1766;0;0;1766;;;
1767;3;0;1767;;;
1768;9;0;1768;;;
1769;6;0;1769;;;
1770;0;0;1770;;;
1771;0;0;1771;;;
1772;3;0;1772;;;
1773;8;0;1773;;;
1774;0;0;1774;;;
1775;0;0;1775;;;
1776;0;0;1776;;;
1777;0;0;1777;;;
1778;21;0;1778;;;
1779;9;0;1779;;;
1780;0;0;1780;;;
1781;11;0;1781;;;
1782;8;0;1782;;;
1783;19;0;1783;;;
1784;3;0;1784;;;
1785;1;0;1785;;;
1786;4;0;1786;;;
1787;0;0;1787;;;
1788;17;0;1788;;;
1789;0;0;1789;;;
1790;0;0;1790;;;
1791;14;0;1791;;;
1792;11;0;1792;;;
1793;0;0;1793;;;
1794;8;0;1794;;;
1795;9;0;1795;;;
1796;1;0;1796;;;
1797;3;0;1797;;;
1798;5;0;1798;;;
1799;220;1;1;;;
1800;442;1;2;;;
1801;390;1;3;;;
1802;260;1;4;;;
1803;217;1;5;;;
1804;223;1;6;;;
1805;284;1;7;;;
1806;343;1;8;;;
1807;427;1;9;;;
1808;150;1;10;;;
1809;290;1;11;;;
1810;224;1;12;;;
1811;301;1;13;;;
1812;382;1;14;;;
1813;317;1;15;;;
1814;379;1;16;;;
1815;355;1;17;;;
1816;290;1;18;;;
1817;295;1;19;;;
1818;395;1;20;;;
1819;439;1;21;;;
1820;309;1;22;;;
1821;422;1;23;;;
1822;286;1;24;;;
1823;330;1;25;;;
1824;417;1;26;;;
1825;449;1;27;;;
1826;367;1;28;;;
1827;320;1;29;;;
1828;264;1;30;;;
1829;398;1;31;;;
1830;403;1;32;;;
1831;328;1;33;;;
1832;333;1;34;;;
1833;329;1;35;;;
1834;406;1;36;;;
1835;364;1;37;;;
1836;332;1;38;;;
1837;333;1;39;;;
1838;424;1;40;;;
1839;332;1;41;;;
1840;375;1;42;;;
1841;450;1;43;;;
1842;404;1;44;;;
1843;370;1;45;;;
1844;267;1;46;;;
1845;402;1;47;;;
1846;345;1;48;;;
1847;312;1;49;;;
1848;343;1;50;;;
1849;380;1;51;;;
1850;314;1;52;;;
1851;402;1;53;;;
1852;371;1;54;;;
1853;220;1;55;;;
1854;334;1;56;;;
1855;445;1;57;;;
1856;412;1;58;;;
1857;380;1;59;;;
1858;400;1;60;;;
1859;318;1;61;;;
1860;355;1;62;;;
1861;374;1;63;;;
1862;390;1;64;;;
1863;378;1;65;;;
1864;281;1;66;;;
1865;257;1;67;;;
1866;228;1;68;;;
1867;424;1;69;;;
1868;223;1;70;;;
1869;251;1;71;;;
1870;415;1;72;;;
1871;355;1;73;;;
1872;249;1;74;;;
1873;295;1;75;;;
1874;334;1;76;;;
1875;276;1;77;;;
1876;315;1;78;;;
1877;417;1;79;;;
1878;431;1;80;;;
1879;361;1;81;;;
1880;282;1;82;;;
1881;348;1;83;;;
1882;279;1;84;;;
1883;392;1;85;;;
1884;343;1;86;;;
1885;269;1;87;;;
1886;336;1;88;;;
1887;342;1;89;;;
1888;448;1;90;;;
1889;119;1;91;;;
1890;373;1;92;;;
1891;364;1;93;;;
1892;351;1;94;;;
1893;392;1;95;;;
1894;377;1;96;;;
1895;267;1;97;;;
1896;344;1;98;;;
1897;290;1;99;;;
1898;442;1;100;;;
1899;337;1;101;;;
1900;413;1;102;;;
1901;467;1;103;;;
1902;479;1;104;;;
1903;359;1;105;;;
1904;333;1;106;;;
1905;414;1;107;;;
1906;344;1;108;;;
1907;288;1;109;;;
1908;437;1;110;;;
1909;393;1;111;;;
1910;341;1;112;;;
1911;251;1;113;;;
1912;396;1;114;;;
1913;212;1;115;;;
1914;122;1;116;;;
1915;444;1;117;;;
1916;406;1;118;;;
1917;392;1;119;;;
1918;336;1;120;;;
1919;323;1;121;;;
1920;316;1;122;;;
1921;337;1;123;;;
1922;307;1;124;;;
1923;471;1;125;;;
1924;257;1;126;;;
1925;338;1;127;;;
1926;264;1;128;;;
1927;325;1;129;;;
1928;349;1;130;;;
1929;400;1;131;;;
1930;240;1;132;;;
1931;367;1;133;;;
1932;410;1;134;;;
1933;251;1;135;;;
1934;319;1;136;;;
1935;391;1;137;;;
1936;344;1;138;;;
1937;370;1;139;;;
1938;408;1;140;;;
1939;363;1;141;;;
1940;296;1;142;;;
1941;292;1;143;;;
1942;444;1;144;;;
1943;433;1;145;;;
1944;381;1;146;;;
1945;371;1;147;;;
1946;380;1;148;;;
1947;403;1;149;;;
1948;408;1;150;;;
1949;323;1;151;;;
1950;384;1;152;;;
1951;397;1;153;;;
1952;361;1;154;;;
1953;327;1;155;;;
1954;361;1;156;;;
1955;406;1;157;;;
1956;325;1;158;;;
1957;343;1;159;;;
1958;312;1;160;;;
1959;400;1;161;;;
1960;309;1;162;;;
1961;199;1;163;;;
1962;381;1;164;;;
1963;446;1;165;;;
1964;373;1;166;;;
1965;397;1;167;;;
1966;349;1;168;;;
1967;218;1;169;;;
1968;319;1;170;;;
1969;290;1;171;;;
1970;372;1;172;;;
1971;279;1;173;;;
1972;398;1;174;;;
1973;383;1;175;;;
1974;385;1;176;;;
1975;397;1;177;;;
1976;377;1;178;;;
1977;409;1;179;;;
1978;219;1;180;;;
1979;414;1;181;;;
1980;305;1;182;;;
1981;424;1;183;;;
1982;384;1;184;;;
1983;304;1;185;;;
1984;421;1;186;;;
1985;355;1;187;;;
1986;210;1;188;;;
1987;310;1;189;;;
1988;274;1;190;;;
1989;293;1;191;;;
1990;446;1;192;;;
1991;398;1;193;;;
1992;333;1;194;;;
1993;282;1;195;;;
1994;379;1;196;;;
1995;293;1;197;;;
1996;439;1;198;;;
1997;443;1;199;;;
1998;449;1;200;;;
1999;436;1;201;;;
2000;439;1;202;;;
2001;443;1;203;;;
2002;292;1;204;;;
2003;301;1;205;;;
2004;299;1;206;;;
2005;224;1;207;;;
2006;123;1;208;;;
2007;300;1;209;;;
2008;415;1;210;;;
2009;303;1;211;;;
2010;297;1;212;;;
2011;216;1;213;;;
2012;469;1;214;;;
2013;411;1;215;;;
2014;299;1;216;;;
2015;380;1;217;;;
2016;237;1;218;;;
2017;344;1;219;;;
2018;173;1;220;;;
2019;286;1;221;;;
2020;321;1;222;;;
2021;363;1;223;;;
2022;332;1;224;;;
2023;380;1;225;;;
2024;317;1;226;;;
2025;400;1;227;;;
2026;348;1;228;;;
2027;323;1;229;;;
2028;267;1;230;;;
2029;329;1;231;;;
2030;302;1;232;;;
2031;394;1;233;;;
2032;350;1;234;;;
2033;230;1;235;;;
2034;415;1;236;;;
2035;388;1;237;;;
2036;440;1;238;;;
2037;367;1;239;;;
2038;289;1;240;;;
2039;343;1;241;;;
2040;400;1;242;;;
2041;377;1;243;;;
2042;410;1;244;;;
2043;454;1;245;;;
2044;459;1;246;;;
2045;348;1;247;;;
2046;388;1;248;;;
2047;255;1;249;;;
2048;291;1;250;;;
2049;437;1;251;;;
2050;422;1;252;;;
2051;433;1;253;;;
2052;375;1;254;;;
2053;322;1;255;;;
2054;409;1;256;;;
2055;351;1;257;;;
2056;262;1;258;;;
2057;323;1;259;;;
2058;356;1;260;;;
2059;274;1;261;;;
2060;361;1;262;;;
2061;396;1;263;;;
2062;390;1;264;;;
2063;404;1;265;;;
2064;409;1;266;;;
2065;382;1;267;;;
2066;383;1;268;;;
2067;272;1;269;;;
2068;344;1;270;;;
2069;438;1;271;;;
2070;368;1;272;;;
2071;262;1;273;;;
2072;311;1;274;;;
2073;347;1;275;;;
2074;339;1;276;;;
2075;418;1;277;;;
2076;402;1;278;;;
2077;421;1;279;;;
2078;347;1;280;;;
2079;469;1;281;;;
2080;450;1;282;;;
2081;301;1;283;;;
2082;281;1;284;;;
2083;354;1;285;;;
2084;265;1;286;;;
2085;320;1;287;;;
2086;265;1;288;;;
2087;368;1;289;;;
2088;373;1;290;;;
2089;352;1;291;;;
2090;284;1;292;;;
2091;345;1;293;;;
2092;376;1;294;;;
2093;432;1;295;;;
2094;426;1;296;;;
2095;388;1;297;;;
2096;376;1;298;;;
2097;337;1;299;;;
2098;310;1;300;;;
2099;444;1;301;;;
2100;417;1;302;;;
2101;420;1;303;;;
2102;402;1;304;;;
2103;382;1;305;;;
2104;337;1;306;;;
2105;461;1;307;;;
2106;444;1;308;;;
2107;427;1;309;;;
2108;478;1;310;;;
2109;298;1;311;;;
2110;426;1;312;;;
2111;345;1;313;;;
2112;451;1;314;;;
2113;479;1;315;;;
2114;302;1;316;;;
2115;399;1;317;;;
2116;437;1;318;;;
2117;367;1;319;;;
2118;318;1;320;;;
2119;313;1;321;;;
2120;405;1;322;;;
2121;409;1;323;;;
2122;433;1;324;;;
2123;420;1;325;;;
2124;434;1;326;;;
2125;266;1;327;;;
2126;371;1;328;;;
2127;418;1;329;;;
2128;406;1;330;;;
2129;420;1;331;;;
2130;326;1;332;;;
2131;397;1;333;;;
2132;406;1;334;;;
2133;363;1;335;;;
2134;300;1;336;;;
2135;437;1;337;;;
2136;400;1;338;;;
2137;436;1;339;;;
2138;414;1;340;;;
2139;452;1;341;;;
2140;444;1;342;;;
2141;408;1;343;;;
2142;411;1;344;;;
2143;313;1;345;;;
2144;256;1;346;;;
2145;400;1;347;;;
2146;348;1;348;;;
2147;299;1;349;;;
2148;240;1;350;;;
2149;305;1;351;;;
2150;411;1;352;;;
2151;319;1;353;;;
2152;405;1;354;;;
2153;279;1;355;;;
2154;308;1;356;;;
2155;352;1;357;;;
2156;398;1;358;;;
2157;177;1;359;;;
2158;366;1;360;;;
2159;333;1;361;;;
2160;415;1;362;;;
2161;379;1;363;;;
2162;308;1;364;;;
2163;415;1;365;;;
2164;282;1;366;;;
2165;347;1;367;;;
2166;402;1;368;;;
2167;331;1;369;;;
2168;218;1;370;;;
2169;328;1;371;;;
2170;411;1;372;;;
2171;440;1;373;;;
2172;415;1;374;;;
2173;414;1;375;;;
2174;391;1;376;;;
2175;414;1;377;;;
2176;406;1;378;;;
2177;381;1;379;;;
2178;367;1;380;;;
2179;392;1;381;;;
2180;369;1;382;;;
2181;452;1;383;;;
2182;426;1;384;;;
2183;362;1;385;;;
2184;425;1;386;;;
2185;333;1;387;;;
2186;384;1;388;;;
2187;359;1;389;;;
2188;329;1;390;;;
2189;308;1;391;;;
2190;322;1;392;;;
2191;292;1;393;;;
2192;339;1;394;;;
2193;304;1;395;;;
2194;294;1;396;;;
2195;325;1;397;;;
2196;310;1;398;;;
2197;357;1;399;;;
2198;405;1;400;;;
2199;392;1;401;;;
2200;312;1;402;;;
2201;379;1;403;;;
2202;400;1;404;;;
2203;265;1;405;;;
2204;416;1;406;;;
2205;404;1;407;;;
2206;432;1;408;;;
2207;401;1;409;;;
2208;404;1;410;;;
2209;399;1;411;;;
2210;406;1;412;;;
2211;381;1;413;;;
2212;286;1;414;;;
2213;334;1;415;;;
2214;367;1;416;;;
2215;340;1;417;;;
2216;360;1;418;;;
2217;297;1;419;;;
2218;300;1;420;;;
2219;407;1;421;;;
2220;416;1;422;;;
2221;385;1;423;;;
2222;240;1;424;;;
2223;315;1;425;;;
2224;349;1;426;;;
2225;342;1;427;;;
2226;354;1;428;;;
2227;287;1;429;;;
2228;343;1;430;;;
2229;355;1;431;;;
2230;305;1;432;;;
2231;297;1;433;;;
2232;316;1;434;;;
2233;351;1;435;;;
2234;349;1;436;;;
2235;402;1;437;;;
2236;419;1;438;;;
2237;459;1;439;;;
2238;464;1;440;;;
2239;387;1;441;;;
2240;392;1;442;;;
2241;252;1;443;;;
2242;249;1;444;;;
2243;165;1;445;;;
2244;243;1;446;;;
2245;307;1;447;;;
2246;349;1;448;;;
2247;333;1;449;;;
2248;417;1;450;;;
2249;438;1;451;;;
2250;308;1;452;;;
2251;313;1;453;;;
2252;316;1;454;;;
2253;412;1;455;;;
2254;429;1;456;;;
2255;402;1;457;;;
2256;268;1;458;;;
2257;198;1;459;;;
2258;313;1;460;;;
2259;302;1;461;;;
2260;384;1;462;;;
2261;416;1;463;;;
2262;377;1;464;;;
2263;377;1;465;;;
2264;426;1;466;;;
2265;427;1;467;;;
2266;399;1;468;;;
2267;402;1;469;;;
2268;383;1;470;;;
2269;437;1;471;;;
2270;385;1;472;;;
2271;392;1;473;;;
2272;409;1;474;;;
2273;324;1;475;;;
2274;448;1;476;;;
2275;421;1;477;;;
2276;441;1;478;;;
2277;444;1;479;;;
2278;421;1;480;;;
2279;270;1;481;;;
2280;368;1;482;;;
2281;302;1;483;;;
2282;322;1;484;;;
2283;347;1;485;;;
2284;397;1;486;;;
2285;388;1;487;;;
2286;316;1;488;;;
2287;432;1;489;;;
2288;395;1;490;;;
2289;400;1;491;;;
2290;270;1;492;;;
2291;226;1;493;;;
2292;377;1;494;;;
2293;362;1;495;;;
2294;345;1;496;;;
2295;327;1;497;;;
2296;357;1;498;;;
2297;363;1;499;;;
2298;362;1;500;;;
2299;402;1;501;;;
2300;382;1;502;;;
2301;374;1;503;;;
2302;356;1;504;;;
2303;409;1;505;;;
2304;394;1;506;;;
2305;379;1;507;;;
2306;287;1;508;;;
2307;293;1;509;;;
2308;332;1;510;;;
2309;378;1;511;;;
2310;412;1;512;;;
2311;416;1;513;;;
2312;421;1;514;;;
2313;435;1;515;;;
2314;357;1;516;;;
2315;266;1;517;;;
2316;341;1;518;;;
2317;461;1;519;;;
2318;348;1;520;;;
2319;319;1;521;;;
2320;310;1;522;;;
2321;427;1;523;;;
2322;406;1;524;;;
2323;376;1;525;;;
2324;380;1;526;;;
2325;394;1;527;;;
2326;406;1;528;;;
2327;388;1;529;;;
2328;370;1;530;;;
2329;412;1;531;;;
2330;212;1;532;;;
2331;284;1;533;;;
2332;316;1;534;;;
2333;408;1;535;;;
2334;314;1;536;;;
2335;379;1;537;;;
2336;371;1;538;;;
2337;417;1;539;;;
2338;440;1;540;;;
2339;446;1;541;;;
2340;440;1;542;;;
2341;382;1;543;;;
2342;371;1;544;;;
2343;266;1;545;;;
2344;254;1;546;;;
2345;332;1;547;;;
2346;332;1;548;;;
2347;412;1;549;;;
2348;413;1;550;;;
2349;388;1;551;;;
2350;451;1;552;;;
2351;421;1;553;;;
2352;423;1;554;;;
2353;325;1;555;;;
2354;364;1;556;;;
2355;382;1;557;;;
2356;411;1;558;;;
2357;343;1;559;;;
2358;431;1;560;;;
2359;411;1;561;;;
2360;399;1;562;;;
2361;367;1;563;;;
2362;368;1;564;;;
2363;354;1;565;;;
2364;361;1;566;;;
2365;305;1;567;;;
2366;295;1;568;;;
2367;372;1;569;;;
2368;354;1;570;;;
2369;334;1;571;;;
2370;427;1;572;;;
2371;439;1;573;;;
2372;397;1;574;;;
2373;433;1;575;;;
2374;334;1;576;;;
2375;364;1;577;;;
2376;398;1;578;;;
2377;407;1;579;;;
2378;403;1;580;;;
2379;462;1;581;;;
2380;457;1;582;;;
2381;377;1;583;;;
2382;412;1;584;;;
2383;319;1;585;;;
2384;303;1;586;;;
2385;335;1;587;;;
2386;453;1;588;;;
2387;414;1;589;;;
2388;422;1;590;;;
2389;434;1;591;;;
2390;416;1;592;;;
2391;307;1;593;;;
2392;326;1;594;;;
2393;421;1;595;;;
2394;406;1;596;;;
2395;333;1;597;;;
2396;421;1;598;;;
2397;468;1;599;;;
2398;461;1;600;;;
2399;445;1;601;;;
2400;418;1;602;;;
2401;454;1;603;;;
2402;415;1;604;;;
2403;382;1;605;;;
2404;379;1;606;;;
2405;394;1;607;;;
2406;376;1;608;;;
2407;366;1;609;;;
2408;400;1;610;;;
2409;421;1;611;;;
2410;433;1;612;;;
2411;418;1;613;;;
2412;436;1;614;;;
2413;398;1;615;;;
2414;443;1;616;;;
2415;365;1;617;;;
2416;428;1;618;;;
2417;437;1;619;;;
2418;441;1;620;;;
2419;452;1;621;;;
2420;481;1;622;;;
2421;443;1;623;;;
2422;231;1;624;;;
2423;389;1;625;;;
2424;382;1;626;;;
2425;363;1;627;;;
2426;344;1;628;;;
2427;402;1;629;;;
2428;427;1;630;;;
2429;460;1;631;;;
2430;352;1;632;;;
2431;462;1;633;;;
2432;433;1;634;;;
2433;360;1;635;;;
2434;389;1;636;;;
2435;269;1;637;;;
2436;414;1;638;;;
2437;472;1;639;;;
2438;402;1;640;;;
2439;310;1;641;;;
2440;334;1;642;;;
2441;426;1;643;;;
2442;242;1;644;;;
2443;253;1;645;;;
2444;324;1;646;;;
2445;449;1;647;;;
2446;453;1;648;;;
2447;357;1;649;;;
2448;441;1;650;;;
2449;403;1;651;;;
2450;358;1;652;;;
2451;337;1;653;;;
2452;171;1;654;;;
2453;381;1;655;;;
2454;403;1;656;;;
2455;416;1;657;;;
2456;321;1;658;;;
2457;391;1;659;;;
2458;313;1;660;;;
2459;356;1;661;;;
2460;340;1;662;;;
2461;339;1;663;;;
2462;361;1;664;;;
2463;414;1;665;;;
2464;443;1;666;;;
2465;376;1;667;;;
2466;435;1;668;;;
2467;412;1;669;;;
2468;309;1;670;;;
2469;344;1;671;;;
2470;448;1;672;;;
2471;372;1;673;;;
2472;328;1;674;;;
2473;399;1;675;;;
2474;401;1;676;;;
2475;297;1;677;;;
2476;303;1;678;;;
2477;282;1;679;;;
2478;255;1;680;;;
2479;261;1;681;;;
2480;449;1;682;;;
2481;365;1;683;;;
2482;438;1;684;;;
2483;374;1;685;;;
2484;441;1;686;;;
2485;423;1;687;;;
2486;453;1;688;;;
2487;434;1;689;;;
2488;437;1;690;;;
2489;358;1;691;;;
2490;439;1;692;;;
2491;434;1;693;;;
2492;422;1;694;;;
2493;376;1;695;;;
2494;426;1;696;;;
2495;438;1;697;;;
2496;468;1;698;;;
2497;377;1;699;;;
2498;447;1;700;;;
2499;387;1;701;;;
2500;443;1;702;;;
2501;443;1;703;;;
2502;348;1;704;;;
2503;420;1;705;;;
2504;371;1;706;;;
2505;400;1;707;;;
2506;387;1;708;;;
2507;416;1;709;;;
2508;430;1;710;;;
2509;106;1;711;;;
2510;302;1;712;;;
2511;280;1;713;;;
2512;286;1;714;;;
2513;319;1;715;;;
2514;330;1;716;;;
2515;411;1;717;;;
2516;366;1;718;;;
2517;362;1;719;;;
2518;409;1;720;;;
2519;379;1;721;;;
2520;447;1;722;;;
2521;434;1;723;;;
2522;429;1;724;;;
2523;409;1;725;;;
2524;409;1;726;;;
2525;406;1;727;;;
2526;430;1;728;;;
2527;408;1;729;;;
2528;347;1;730;;;
2529;341;1;731;;;
2530;348;1;732;;;
2531;379;1;733;;;
2532;404;1;734;;;
2533;373;1;735;;;
2534;381;1;736;;;
2535;415;1;737;;;
2536;272;1;738;;;
2537;204;1;739;;;
2538;419;1;740;;;
2539;421;1;741;;;
2540;422;1;742;;;
2541;367;1;743;;;
2542;417;1;744;;;
2543;409;1;745;;;
2544;394;1;746;;;
2545;424;1;747;;;
2546;409;1;748;;;
2547;408;1;749;;;
2548;466;1;750;;;
2549;422;1;751;;;
2550;396;1;752;;;
2551;374;1;753;;;
2552;395;1;754;;;
2553;392;1;755;;;
2554;435;1;756;;;
2555;446;1;757;;;
2556;402;1;758;;;
2557;386;1;759;;;
2558;455;1;760;;;
2559;439;1;761;;;
2560;354;1;762;;;
2561;442;1;763;;;
2562;421;1;764;;;
2563;395;1;765;;;
2564;452;1;766;;;
2565;393;1;767;;;
2566;419;1;768;;;
2567;314;1;769;;;
2568;382;1;770;;;
2569;421;1;771;;;
2570;273;1;772;;;
2571;379;1;773;;;
2572;430;1;774;;;
2573;414;1;775;;;
2574;430;1;776;;;
2575;374;1;777;;;
2576;425;1;778;;;
2577;379;1;779;;;
2578;413;1;780;;;
2579;350;1;781;;;
2580;403;1;782;;;
2581;376;1;783;;;
2582;338;1;784;;;
2583;427;1;785;;;
2584;359;1;786;;;
2585;456;1;787;;;
2586;425;1;788;;;
2587;461;1;789;;;
2588;320;1;790;;;
2589;304;1;791;;;
2590;410;1;792;;;
2591;381;1;793;;;
2592;370;1;794;;;
2593;448;1;795;;;
2594;453;1;796;;;
2595;389;1;797;;;
2596;346;1;798;;;
2597;353;1;799;;;
2598;371;1;800;;;
2599;366;1;801;;;
2600;400;1;802;;;
2601;343;1;803;;;
2602;416;1;804;;;
2603;408;1;805;;;
2604;409;1;806;;;
2605;458;1;807;;;
2606;450;1;808;;;
2607;462;1;809;;;
2608;284;1;810;;;
2609;236;1;811;;;
2610;453;1;812;;;
2611;401;1;813;;;
2612;410;1;814;;;
2613;448;1;815;;;
2614;451;1;816;;;
2615;418;1;817;;;
2616;370;1;818;;;
2617;367;1;819;;;
2618;377;1;820;;;
2619;333;1;821;;;
2620;332;1;822;;;
2621;335;1;823;;;
2622;177;1;824;;;
2623;411;1;825;;;
2624;451;1;826;;;
2625;431;1;827;;;
2626;430;1;828;;;
2627;462;1;829;;;
2628;449;1;830;;;
2629;349;1;831;;;
2630;428;1;832;;;
2631;385;1;833;;;
2632;374;1;834;;;
2633;396;1;835;;;
2634;402;1;836;;;
2635;391;1;837;;;
2636;438;1;838;;;
2637;413;1;839;;;
2638;204;1;840;;;
2639;201;1;841;;;
2640;368;1;842;;;
2641;379;1;843;;;
2642;296;1;844;;;
2643;428;1;845;;;
2644;313;1;846;;;
2645;340;1;847;;;
2646;421;1;848;;;
2647;419;1;849;;;
2648;273;1;850;;;
2649;284;1;851;;;
2650;257;1;852;;;
2651;385;1;853;;;
2652;244;1;854;;;
2653;206;1;855;;;
2654;342;1;856;;;
2655;393;1;857;;;
2656;428;1;858;;;
2657;381;1;859;;;
2658;406;1;860;;;
2659;359;1;861;;;
2660;303;1;862;;;
2661;242;1;863;;;
2662;381;1;864;;;
2663;356;1;865;;;
2664;284;1;866;;;
2665;258;1;867;;;
2666;377;1;868;;;
2667;266;1;869;;;
2668;255;1;870;;;
2669;287;1;871;;;
2670;393;1;872;;;
2671;365;1;873;;;
2672;246;1;874;;;
2673;337;1;875;;;
2674;237;1;876;;;
2675;363;1;877;;;
2676;341;1;878;;;
2677;382;1;879;;;
2678;396;1;880;;;
2679;395;1;881;;;
2680;436;1;882;;;
2681;425;1;883;;;
2682;428;1;884;;;
2683;440;1;885;;;
2684;409;1;886;;;
2685;404;1;887;;;
2686;405;1;888;;;
2687;402;1;889;;;
2688;388;1;890;;;
2689;414;1;891;;;
2690;414;1;892;;;
2691;470;1;893;;;
2692;443;1;894;;;
2693;426;1;895;;;
2694;462;1;896;;;
2695;393;1;897;;;
2696;365;1;898;;;
2697;271;1;899;;;
2698;293;1;900;;;
2699;285;1;901;;;
2700;384;1;902;;;
2701;222;1;903;;;
2702;176;1;904;;;
2703;268;1;905;;;
2704;228;1;906;;;
2705;227;1;907;;;
2706;261;1;908;;;
2707;289;1;909;;;
2708;256;1;910;;;
2709;205;1;911;;;
2710;258;1;912;;;
2711;411;1;913;;;
2712;382;1;914;;;
2713;425;1;915;;;
2714;297;1;916;;;
2715;341;1;917;;;
2716;330;1;918;;;
2717;250;1;919;;;
2718;400;1;920;;;
2719;308;1;921;;;
2720;227;1;922;;;
2721;322;1;923;;;
2722;250;1;924;;;
2723;343;1;925;;;
2724;310;1;926;;;
2725;325;1;927;;;
2726;377;1;928;;;
2727;354;1;929;;;
2728;320;1;930;;;
2729;317;1;931;;;
2730;351;1;932;;;
2731;370;1;933;;;
2732;398;1;934;;;
2733;365;1;935;;;
2734;368;1;936;;;
2735;396;1;937;;;
2736;419;1;938;;;
2737;417;1;939;;;
2738;388;1;940;;;
2739;400;1;941;;;
2740;272;1;942;;;
2741;287;1;943;;;
2742;397;1;944;;;
2743;370;1;945;;;
2744;391;1;946;;;
2745;383;1;947;;;
2746;388;1;948;;;
2747;357;1;949;;;
2748;376;1;950;;;
2749;384;1;951;;;
2750;395;1;952;;;
2751;404;1;953;;;
2752;372;1;954;;;
2753;407;1;955;;;
2754;415;1;956;;;
2755;419;1;957;;;
2756;372;1;958;;;
2757;366;1;959;;;
2758;369;1;960;;;
2759;420;1;961;;;
2760;403;1;962;;;
2761;445;1;963;;;
2762;315;1;964;;;
2763;384;1;965;;;
2764;386;1;966;;;
2765;343;1;967;;;
2766;283;1;968;;;
2767;377;1;969;;;
2768;327;1;970;;;
2769;195;1;971;;;
2770;259;1;972;;;
2771;390;1;973;;;
2772;426;1;974;;;
2773;363;1;975;;;
2774;445;1;976;;;
2775;340;1;977;;;
2776;234;1;978;;;
2777;459;1;979;;;
2778;422;1;980;;;
2779;421;1;981;;;
2780;390;1;982;;;
2781;406;1;983;;;
2782;377;1;984;;;
2783;339;1;985;;;
2784;442;1;986;;;
2785;351;1;987;;;
2786;397;1;988;;;
2787;353;1;989;;;
2788;361;1;990;;;
2789;318;1;991;;;
2790;408;1;992;;;
2791;383;1;993;;;
2792;391;1;994;;;
2793;412;1;995;;;
2794;409;1;996;;;
2795;386;1;997;;;
2796;335;1;998;;;
2797;368;1;999;;;
2798;366;1;1000;;;
2799;395;1;1001;;;
2800;434;1;1002;;;
2801;389;1;1003;;;
2802;474;1;1004;;;
2803;389;1;1005;;;
2804;419;1;1006;;;
2805;332;1;1007;;;
2806;364;1;1008;;;
2807;304;1;1009;;;
2808;337;1;1010;;;
2809;357;1;1011;;;
2810;373;1;1012;;;
2811;319;1;1013;;;
2812;341;1;1014;;;
2813;354;1;1015;;;
2814;330;1;1016;;;
2815;254;1;1017;;;
2816;344;1;1018;;;
2817;333;1;1019;;;
2818;331;1;1020;;;
2819;403;1;1021;;;
2820;349;1;1022;;;
2821;355;1;1023;;;
2822;351;1;1024;;;
2823;343;1;1025;;;
2824;259;1;1026;;;
2825;297;1;1027;;;
2826;416;1;1028;;;
2827;406;1;1029;;;
2828;434;1;1030;;;
2829;367;1;1031;;;
2830;397;1;1032;;;
2831;319;1;1033;;;
2832;241;1;1034;;;
2833;322;1;1035;;;
2834;292;1;1036;;;
2835;238;1;1037;;;
2836;359;1;1038;;;
2837;247;1;1039;;;
2838;227;1;1040;;;
2839;241;1;1041;;;
2840;244;1;1042;;;
2841;369;1;1043;;;
2842;390;1;1044;;;
2843;328;1;1045;;;
2844;276;1;1046;;;
2845;359;1;1047;;;
2846;314;1;1048;;;
2847;429;1;1049;;;
2848;424;1;1050;;;
2849;396;1;1051;;;
2850;385;1;1052;;;
2851;301;1;1053;;;
2852;422;1;1054;;;
2853;391;1;1055;;;
2854;413;1;1056;;;
2855;401;1;1057;;;
2856;379;1;1058;;;
2857;357;1;1059;;;
2858;369;1;1060;;;
2859;364;1;1061;;;
2860;327;1;1062;;;
2861;391;1;1063;;;
2862;346;1;1064;;;
2863;359;1;1065;;;
2864;413;1;1066;;;
2865;408;1;1067;;;
2866;344;1;1068;;;
2867;363;1;1069;;;
2868;408;1;1070;;;
2869;392;1;1071;;;
2870;435;1;1072;;;
2871;352;1;1073;;;
2872;416;1;1074;;;
2873;384;1;1075;;;
2874;405;1;1076;;;
2875;340;1;1077;;;
2876;408;1;1078;;;
2877;328;1;1079;;;
2878;335;1;1080;;;
2879;415;1;1081;;;
2880;230;1;1082;;;
2881;343;1;1083;;;
2882;392;1;1084;;;
2883;443;1;1085;;;
2884;364;1;1086;;;
2885;350;1;1087;;;
2886;364;1;1088;;;
2887;384;1;1089;;;
2888;397;1;1090;;;
2889;434;1;1091;;;
2890;400;1;1092;;;
2891;423;1;1093;;;
2892;368;1;1094;;;
2893;396;1;1095;;;
2894;421;1;1096;;;
2895;361;1;1097;;;
2896;365;1;1098;;;
2897;393;1;1099;;;
2898;376;1;1100;;;
2899;433;1;1101;;;
2900;388;1;1102;;;
2901;356;1;1103;;;
2902;277;1;1104;;;
2903;435;1;1105;;;
2904;443;1;1106;;;
2905;309;1;1107;;;
2906;380;1;1108;;;
2907;397;1;1109;;;
2908;382;1;1110;;;
2909;327;1;1111;;;
2910;442;1;1112;;;
2911;374;1;1113;;;
2912;404;1;1114;;;
2913;402;1;1115;;;
2914;371;1;1116;;;
2915;374;1;1117;;;
2916;432;1;1118;;;
2917;274;1;1119;;;
2918;293;1;1120;;;
2919;422;1;1121;;;
2920;367;1;1122;;;
2921;364;1;1123;;;
2922;350;1;1124;;;
2923;461;1;1125;;;
2924;453;1;1126;;;
2925;408;1;1127;;;
2926;451;1;1128;;;
2927;252;1;1129;;;
2928;425;1;1130;;;
2929;428;1;1131;;;
2930;170;1;1132;;;
2931;432;1;1133;;;
2932;290;1;1134;;;
2933;330;1;1135;;;
2934;321;1;1136;;;
2935;303;1;1137;;;
2936;334;1;1138;;;
2937;318;1;1139;;;
2938;328;1;1140;;;
2939;262;1;1141;;;
2940;328;1;1142;;;
2941;337;1;1143;;;
2942;383;1;1144;;;
2943;438;1;1145;;;
2944;355;1;1146;;;
2945;296;1;1147;;;
2946;420;1;1148;;;
2947;447;1;1149;;;
2948;473;1;1150;;;
2949;414;1;1151;;;
2950;416;1;1152;;;
2951;372;1;1153;;;
2952;426;1;1154;;;
2953;415;1;1155;;;
2954;409;1;1156;;;
2955;412;1;1157;;;
2956;392;1;1158;;;
2957;420;1;1159;;;
2958;392;1;1160;;;
2959;402;1;1161;;;
2960;413;1;1162;;;
2961;413;1;1163;;;
2962;332;1;1164;;;
2963;353;1;1165;;;
2964;342;1;1166;;;
2965;331;1;1167;;;
2966;320;1;1168;;;
2967;289;1;1169;;;
2968;331;1;1170;;;
2969;305;1;1171;;;
2970;323;1;1172;;;
2971;350;1;1173;;;
2972;367;1;1174;;;
2973;440;1;1175;;;
2974;417;1;1176;;;
2975;289;1;1177;;;
2976;340;1;1178;;;
2977;363;1;1179;;;
2978;337;1;1180;;;
2979;448;1;1181;;;
2980;352;1;1182;;;
2981;431;1;1183;;;
2982;370;1;1184;;;
2983;447;1;1185;;;
2984;329;1;1186;;;
2985;391;1;1187;;;
2986;394;1;1188;;;
2987;410;1;1189;;;
2988;413;1;1190;;;
2989;382;1;1191;;;
2990;376;1;1192;;;
2991;419;1;1193;;;
2992;393;1;1194;;;
2993;364;1;1195;;;
2994;340;1;1196;;;
2995;371;1;1197;;;
2996;400;1;1198;;;
2997;369;1;1199;;;
2998;280;1;1200;;;
2999;330;1;1201;;;
3000;364;1;1202;;;
3001;392;1;1203;;;
3002;333;1;1204;;;
3003;410;1;1205;;;
3004;422;1;1206;;;
3005;450;1;1207;;;
3006;329;1;1208;;;
3007;367;1;1209;;;
3008;407;1;1210;;;
3009;377;1;1211;;;
3010;425;1;1212;;;
3011;409;1;1213;;;
3012;396;1;1214;;;
3013;395;1;1215;;;
3014;349;1;1216;;;
3015;353;1;1217;;;
3016;264;1;1218;;;
3017;296;1;1219;;;
3018;338;1;1220;;;
3019;388;1;1221;;;
3020;394;1;1222;;;
3021;391;1;1223;;;
3022;429;1;1224;;;
3023;248;1;1225;;;
3024;282;1;1226;;;
3025;358;1;1227;;;
3026;396;1;1228;;;
3027;441;1;1229;;;
3028;328;1;1230;;;
3029;288;1;1231;;;
3030;371;1;1232;;;
3031;320;1;1233;;;
3032;240;1;1234;;;
3033;386;1;1235;;;
3034;254;1;1236;;;
3035;285;1;1237;;;
3036;217;1;1238;;;
3037;317;1;1239;;;
3038;283;1;1240;;;
3039;289;1;1241;;;
3040;242;1;1242;;;
3041;403;1;1243;;;
3042;374;1;1244;;;
3043;379;1;1245;;;
3044;359;1;1246;;;
3045;394;1;1247;;;
3046;395;1;1248;;;
3047;359;1;1249;;;
3048;392;1;1250;;;
3049;292;1;1251;;;
3050;404;1;1252;;;
3051;358;1;1253;;;
3052;451;1;1254;;;
3053;186;1;1255;;;
3054;273;1;1256;;;
3055;274;1;1257;;;
3056;356;1;1258;;;
3057;324;1;1259;;;
3058;258;1;1260;;;
3059;387;1;1261;;;
3060;341;1;1262;;;
3061;306;1;1263;;;
3062;392;1;1264;;;
3063;409;1;1265;;;
3064;316;1;1266;;;
3065;330;1;1267;;;
3066;381;1;1268;;;
3067;241;1;1269;;;
3068;384;1;1270;;;
3069;338;1;1271;;;
3070;337;1;1272;;;
3071;355;1;1273;;;
3072;339;1;1274;;;
3073;366;1;1275;;;
3074;306;1;1276;;;
3075;316;1;1277;;;
3076;283;1;1278;;;
3077;386;1;1279;;;
3078;428;1;1280;;;
3079;327;1;1281;;;
3080;269;1;1282;;;
3081;392;1;1283;;;
3082;245;1;1284;;;
3083;326;1;1285;;;
3084;343;1;1286;;;
3085;400;1;1287;;;
3086;338;1;1288;;;
3087;373;1;1289;;;
3088;399;1;1290;;;
3089;319;1;1291;;;
3090;263;1;1292;;;
3091;321;1;1293;;;
3092;286;1;1294;;;
3093;310;1;1295;;;
3094;335;1;1296;;;
3095;410;1;1297;;;
3096;379;1;1298;;;
3097;415;1;1299;;;
3098;291;1;1300;;;
3099;373;1;1301;;;
3100;358;1;1302;;;
3101;263;1;1303;;;
3102;232;1;1304;;;
3103;385;1;1305;;;
3104;231;1;1306;;;
3105;273;1;1307;;;
3106;393;1;1308;;;
3107;415;1;1309;;;
3108;395;1;1310;;;
3109;256;1;1311;;;
3110;288;1;1312;;;
3111;356;1;1313;;;
3112;381;1;1314;;;
3113;396;1;1315;;;
3114;419;1;1316;;;
3115;396;1;1317;;;
3116;398;1;1318;;;
3117;426;1;1319;;;
3118;398;1;1320;;;
3119;371;1;1321;;;
3120;386;1;1322;;;
3121;213;1;1323;;;
3122;411;1;1324;;;
3123;345;1;1325;;;
3124;392;1;1326;;;
3125;422;1;1327;;;
3126;222;1;1328;;;
3127;314;1;1329;;;
3128;193;1;1330;;;
3129;333;1;1331;;;
3130;429;1;1332;;;
3131;374;1;1333;;;
3132;371;1;1334;;;
3133;312;1;1335;;;
3134;312;1;1336;;;
3135;288;1;1337;;;
3136;308;1;1338;;;
3137;244;1;1339;;;
3138;207;1;1340;;;
3139;117;1;1341;;;
3140;189;1;1342;;;
3141;180;1;1343;;;
3142;194;1;1344;;;
3143;193;1;1345;;;
3144;278;1;1346;;;
3145;299;1;1347;;;
3146;294;1;1348;;;
3147;361;1;1349;;;
3148;384;1;1350;;;
3149;271;1;1351;;;
3150;360;1;1352;;;
3151;148;1;1353;;;
3152;373;1;1354;;;
3153;252;1;1355;;;
3154;320;1;1356;;;
3155;231;1;1357;;;
3156;308;1;1358;;;
3157;247;1;1359;;;
3158;264;1;1360;;;
3159;180;1;1361;;;
3160;255;1;1362;;;
3161;257;1;1363;;;
3162;321;1;1364;;;
3163;241;1;1365;;;
3164;159;1;1366;;;
3165;185;1;1367;;;
3166;191;1;1368;;;
3167;247;1;1369;;;
3168;317;1;1370;;;
3169;196;1;1371;;;
3170;307;1;1372;;;
3171;260;1;1373;;;
3172;299;1;1374;;;
3173;362;1;1375;;;
3174;357;1;1376;;;
3175;336;1;1377;;;
3176;393;1;1378;;;
3177;332;1;1379;;;
3178;371;1;1380;;;
3179;193;1;1381;;;
3180;238;1;1382;;;
3181;185;1;1383;;;
3182;312;1;1384;;;
3183;315;1;1385;;;
3184;277;1;1386;;;
3185;264;1;1387;;;
3186;295;1;1388;;;
3187;154;1;1389;;;
3188;176;1;1390;;;
3189;176;1;1391;;;
3190;167;1;1392;;;
3191;166;1;1393;;;
3192;236;1;1394;;;
3193;185;1;1395;;;
3194;211;1;1396;;;
3195;126;1;1397;;;
3196;52;1;1398;;;
3197;257;1;1399;;;
3198;348;1;1400;;;
3199;303;1;1401;;;
3200;388;1;1402;;;
3201;251;1;1403;;;
3202;227;1;1404;;;
3203;310;1;1405;;;
3204;362;1;1406;;;
3205;261;1;1407;;;
3206;260;1;1408;;;
3207;272;1;1409;;;
3208;206;1;1410;;;
3209;325;1;1411;;;
3210;429;1;1412;;;
3211;275;1;1413;;;
3212;167;1;1414;;;
3213;377;1;1415;;;
3214;276;1;1416;;;
3215;370;1;1417;;;
3216;303;1;1418;;;
3217;375;1;1419;;;
3218;354;1;1420;;;
3219;320;1;1421;;;
3220;325;1;1422;;;
3221;318;1;1423;;;
3222;189;1;1424;;;
3223;380;1;1425;;;
3224;187;1;1426;;;
3225;296;1;1427;;;
3226;164;1;1428;;;
3227;135;1;1429;;;
3228;317;1;1430;;;
3229;450;1;1431;;;
3230;438;1;1432;;;
3231;463;1;1433;;;
3232;425;1;1434;;;
3233;428;1;1435;;;
3234;366;1;1436;;;
3235;455;1;1437;;;
3236;440;1;1438;;;
3237;422;1;1439;;;
3238;427;1;1440;;;
3239;438;1;1441;;;
3240;438;1;1442;;;
3241;406;1;1443;;;
3242;355;1;1444;;;
3243;369;1;1445;;;
3244;355;1;1446;;;
3245;321;1;1447;;;
3246;419;1;1448;;;
3247;421;1;1449;;;
3248;393;1;1450;;;
3249;420;1;1451;;;
3250;439;1;1452;;;
3251;363;1;1453;;;
3252;398;1;1454;;;
3253;429;1;1455;;;
3254;355;1;1456;;;
3255;374;1;1457;;;
3256;407;1;1458;;;
3257;386;1;1459;;;
3258;386;1;1460;;;
3259;435;1;1461;;;
3260;410;1;1462;;;
3261;390;1;1463;;;
3262;321;1;1464;;;
3263;284;1;1465;;;
3264;447;1;1466;;;
3265;475;1;1467;;;
3266;343;1;1468;;;
3267;351;1;1469;;;
3268;449;1;1470;;;
3269;465;1;1471;;;
3270;438;1;1472;;;
3271;359;1;1473;;;
3272;375;1;1474;;;
3273;402;1;1475;;;
3274;418;1;1476;;;
3275;414;1;1477;;;
3276;442;1;1478;;;
3277;417;1;1479;;;
3278;396;1;1480;;;
3279;408;1;1481;;;
3280;384;1;1482;;;
3281;253;1;1483;;;
3282;423;1;1484;;;
3283;450;1;1485;;;
3284;414;1;1486;;;
3285;350;1;1487;;;
3286;370;1;1488;;;
3287;450;1;1489;;;
3288;439;1;1490;;;
3289;336;1;1491;;;
3290;350;1;1492;;;
3291;344;1;1493;;;
3292;387;1;1494;;;
3293;397;1;1495;;;
3294;376;1;1496;;;
3295;193;1;1497;;;
3296;327;1;1498;;;
3297;402;1;1499;;;
3298;350;1;1500;;;
3299;248;1;1501;;;
3300;254;1;1502;;;
3301;367;1;1503;;;
3302;278;1;1504;;;
3303;433;1;1505;;;
3304;389;1;1506;;;
3305;427;1;1507;;;
3306;428;1;1508;;;
3307;464;1;1509;;;
3308;381;1;1510;;;
3309;411;1;1511;;;
3310;312;1;1512;;;
3311;273;1;1513;;;
3312;213;1;1514;;;
3313;188;1;1515;;;
3314;393;1;1516;;;
3315;427;1;1517;;;
3316;347;1;1518;;;
3317;340;1;1519;;;
3318;358;1;1520;;;
3319;352;1;1521;;;
3320;392;1;1522;;;
3321;365;1;1523;;;
3322;366;1;1524;;;
3323;369;1;1525;;;
3324;328;1;1526;;;
3325;366;1;1527;;;
3326;379;1;1528;;;
3327;376;1;1529;;;
3328;282;1;1530;;;
3329;322;1;1531;;;
3330;288;1;1532;;;
3331;188;1;1533;;;
3332;248;1;1534;;;
3333;205;1;1535;;;
3334;255;1;1536;;;
3335;233;1;1537;;;
3336;280;1;1538;;;
3337;238;1;1539;;;
3338;262;1;1540;;;
3339;314;1;1541;;;
3340;346;1;1542;;;
3341;278;1;1543;;;
3342;322;1;1544;;;
3343;432;1;1545;;;
3344;442;1;1546;;;
3345;407;1;1547;;;
3346;454;1;1548;;;
3347;380;1;1549;;;
3348;473;1;1550;;;
3349;208;1;1551;;;
3350;170;1;1552;;;
3351;381;1;1553;;;
3352;323;1;1554;;;
3353;251;1;1555;;;
3354;353;1;1556;;;
3355;419;1;1557;;;
3356;315;1;1558;;;
3357;378;1;1559;;;
3358;379;1;1560;;;
3359;386;1;1561;;;
3360;329;1;1562;;;
3361;347;1;1563;;;
3362;362;1;1564;;;
3363;388;1;1565;;;
3364;376;1;1566;;;
3365;369;1;1567;;;
3366;369;1;1568;;;
3367;432;1;1569;;;
3368;401;1;1570;;;
3369;351;1;1571;;;
3370;427;1;1572;;;
3371;439;1;1573;;;
3372;319;1;1574;;;
3373;371;1;1575;;;
3374;404;1;1576;;;
3375;314;1;1577;;;
3376;300;1;1578;;;
3377;356;1;1579;;;
3378;332;1;1580;;;
3379;274;1;1581;;;
3380;292;1;1582;;;
3381;345;1;1583;;;
3382;346;1;1584;;;
3383;274;1;1585;;;
3384;305;1;1586;;;
3385;307;1;1587;;;
3386;278;1;1588;;;
3387;281;1;1589;;;
3388;381;1;1590;;;
3389;335;1;1591;;;
3390;340;1;1592;;;
3391;316;1;1593;;;
3392;284;1;1594;;;
3393;119;1;1595;;;
3394;354;1;1596;;;
3395;408;1;1597;;;
3396;406;1;1598;;;
3397;429;1;1599;;;
3398;412;1;1600;;;
3399;420;1;1601;;;
3400;362;1;1602;;;
3401;419;1;1603;;;
3402;363;1;1604;;;
3403;307;1;1605;;;
3404;298;1;1606;;;
3405;292;1;1607;;;
3406;330;1;1608;;;
3407;182;1;1609;;;
3408;414;1;1610;;;
3409;421;1;1611;;;
3410;295;1;1612;;;
3411;422;1;1613;;;
3412;211;1;1614;;;
3413;332;1;1615;;;
3414;417;1;1616;;;
3415;128;1;1617;;;
3416;408;1;1618;;;
3417;326;1;1619;;;
3418;190;1;1620;;;
3419;332;1;1621;;;
3420;381;1;1622;;;
3421;392;1;1623;;;
3422;317;1;1624;;;
3423;266;1;1625;;;
3424;350;1;1626;;;
3425;385;1;1627;;;
3426;368;1;1628;;;
3427;265;1;1629;;;
3428;419;1;1630;;;
3429;448;1;1631;;;
3430;170;1;1632;;;
3431;457;1;1633;;;
3432;315;1;1634;;;
3433;277;1;1635;;;
3434;183;1;1636;;;
3435;323;1;1637;;;
3436;441;1;1638;;;
3437;368;1;1639;;;
3438;374;1;1640;;;
3439;448;1;1641;;;
3440;488;1;1642;;;
3441;424;1;1643;;;
3442;401;1;1644;;;
3443;410;1;1645;;;
3444;262;1;1646;;;
3445;383;1;1647;;;
3446;257;1;1648;;;
3447;238;1;1649;;;
3448;338;1;1650;;;
3449;232;1;1651;;;
3450;314;1;1652;;;
3451;345;1;1653;;;
3452;227;1;1654;;;
3453;202;1;1655;;;
3454;434;1;1656;;;
3455;398;1;1657;;;
3456;383;1;1658;;;
3457;382;1;1659;;;
3458;412;1;1660;;;
3459;433;1;1661;;;
3460;419;1;1662;;;
3461;257;1;1663;;;
3462;353;1;1664;;;
3463;364;1;1665;;;
3464;334;1;1666;;;
3465;489;1;1667;;;
3466;219;1;1668;;;
3467;431;1;1669;;;
3468;293;1;1670;;;
3469;359;1;1671;;;
3470;414;1;1672;;;
3471;388;1;1673;;;
3472;426;1;1674;;;
3473;445;1;1675;;;
3474;376;1;1676;;;
3475;394;1;1677;;;
3476;237;1;1678;;;
3477;378;1;1679;;;
3478;400;1;1680;;;
3479;404;1;1681;;;
3480;426;1;1682;;;
3481;428;1;1683;;;
3482;433;1;1684;;;
3483;424;1;1685;;;
3484;243;1;1686;;;
3485;387;1;1687;;;
3486;388;1;1688;;;
3487;299;1;1689;;;
3488;270;1;1690;;;
3489;280;1;1691;;;
3490;282;1;1692;;;
3491;286;1;1693;;;
3492;264;1;1694;;;
3493;346;1;1695;;;
3494;291;1;1696;;;
3495;458;1;1697;;;
3496;388;1;1698;;;
3497;353;1;1699;;;
3498;341;1;1700;;;
3499;342;1;1701;;;
3500;434;1;1702;;;
3501;340;1;1703;;;
3502;437;1;1704;;;
3503;347;1;1705;;;
3504;315;1;1706;;;
3505;450;1;1707;;;
3506;411;1;1708;;;
3507;388;1;1709;;;
3508;334;1;1710;;;
3509;409;1;1711;;;
3510;337;1;1712;;;
3511;295;1;1713;;;
3512;337;1;1714;;;
3513;335;1;1715;;;
3514;425;1;1716;;;
3515;332;1;1717;;;
3516;301;1;1718;;;
3517;289;1;1719;;;
3518;332;1;1720;;;
3519;403;1;1721;;;
3520;301;1;1722;;;
3521;362;1;1723;;;
3522;427;1;1724;;;
3523;335;1;1725;;;
3524;304;1;1726;;;
3525;287;1;1727;;;
3526;466;1;1728;;;
3527;335;1;1729;;;
3528;397;1;1730;;;
3529;401;1;1731;;;
3530;400;1;1732;;;
3531;353;1;1733;;;
3532;402;1;1734;;;
3533;339;1;1735;;;
3534;411;1;1736;;;
3535;392;1;1737;;;
3536;381;1;1738;;;
3537;390;1;1739;;;
3538;434;1;1740;;;
3539;296;1;1741;;;
3540;329;1;1742;;;
3541;319;1;1743;;;
3542;447;1;1744;;;
3543;417;1;1745;;;
3544;288;1;1746;;;
3545;440;1;1747;;;
3546;359;1;1748;;;
3547;277;1;1749;;;
3548;361;1;1750;;;
3549;400;1;1751;;;
3550;369;1;1752;;;
3551;459;1;1753;;;
3552;291;1;1754;;;
3553;404;1;1755;;;
3554;416;1;1756;;;
3555;362;1;1757;;;
3556;336;1;1758;;;
3557;396;1;1759;;;
3558;424;1;1760;;;
3559;316;1;1761;;;
3560;395;1;1762;;;
3561;438;1;1763;;;
3562;433;1;1764;;;
3563;447;1;1765;;;
3564;371;1;1766;;;
3565;350;1;1767;;;
3566;370;1;1768;;;
3567;435;1;1769;;;
3568;444;1;1770;;;
3569;437;1;1771;;;
3570;424;1;1772;;;
3571;461;1;1773;;;
3572;440;1;1774;;;
3573;281;1;1775;;;
3574;352;1;1776;;;
3575;359;1;1777;;;
3576;296;1;1778;;;
3577;342;1;1779;;;
3578;350;1;1780;;;
3579;404;1;1781;;;
3580;388;1;1782;;;
3581;341;1;1783;;;
3582;167;1;1784;;;
3583;437;1;1785;;;
3584;319;1;1786;;;
3585;332;1;1787;;;
3586;288;1;1788;;;
3587;358;1;1789;;;
3588;415;1;1790;;;
3589;379;1;1791;;;
3590;437;1;1792;;;
3591;395;1;1793;;;
3592;409;1;1794;;;
3593;382;1;1795;;;
3594;418;1;1796;;;
3595;395;1;1797;;;
3596;398;1;1798;;;
3597;14;2;1;;;
3598;2;2;2;;;
3599;5;2;3;;;
3600;35;2;4;;;
3601;10;2;5;;;
3602;11;2;6;;;
3603;14;2;7;;;
3604;37;2;8;;;
3605;2;2;9;;;
3606;4;2;10;;;
3607;6;2;11;;;
3608;7;2;12;;;
3609;22;2;13;;;
3610;0;2;14;;;
3611;3;2;15;;;
3612;7;2;16;;;
3613;36;2;17;;;
3614;5;2;18;;;
3615;0;2;19;;;
3616;17;2;20;;;
3617;11;2;21;;;
3618;4;2;22;;;
3619;38;2;23;;;
3620;13;2;24;;;
3621;4;2;25;;;
3622;8;2;26;;;
3623;2;2;27;;;
3624;0;2;28;;;
3625;17;2;29;;;
3626;13;2;30;;;
3627;4;2;31;;;
3628;13;2;32;;;
3629;3;2;33;;;
3630;24;2;34;;;
3631;1;2;35;;;
3632;0;2;36;;;
3633;27;2;37;;;
3634;14;2;38;;;
3635;13;2;39;;;
3636;6;2;40;;;
3637;2;2;41;;;
3638;1;2;42;;;
3639;26;2;43;;;
3640;12;2;44;;;
3641;4;2;45;;;
3642;7;2;46;;;
3643;4;2;47;;;
3644;32;2;48;;;
3645;24;2;49;;;
3646;3;2;50;;;
3647;6;2;51;;;
3648;26;2;52;;;
3649;3;2;53;;;
3650;15;2;54;;;
3651;3;2;55;;;
3652;30;2;56;;;
3653;22;2;57;;;
3654;0;2;58;;;
3655;22;2;59;;;
3656;0;2;60;;;
3657;13;2;61;;;
3658;12;2;62;;;
3659;12;2;63;;;
3660;3;2;64;;;
3661;3;2;65;;;
3662;0;2;66;;;
3663;0;2;67;;;
3664;26;2;68;;;
3665;15;2;69;;;
3666;21;2;70;;;
3667;2;2;71;;;
3668;1;2;72;;;
3669;31;2;73;;;
3670;5;2;74;;;
3671;36;2;75;;;
3672;1;2;76;;;
3673;10;2;77;;;
3674;20;2;78;;;
3675;0;2;79;;;
3676;18;2;80;;;
3677;5;2;81;;;
3678;7;2;82;;;
3679;0;2;83;;;
3680;11;2;84;;;
3681;17;2;85;;;
3682;7;2;86;;;
3683;3;2;87;;;
3684;4;2;88;;;
3685;24;2;89;;;
3686;22;2;90;;;
3687;1;2;91;;;
3688;22;2;92;;;
3689;24;2;93;;;
3690;7;2;94;;;
3691;18;2;95;;;
3692;1;2;96;;;
3693;36;2;97;;;
3694;3;2;98;;;
3695;8;2;99;;;
3696;0;2;100;;;
3697;0;2;101;;;
3698;11;2;102;;;
3699;3;2;103;;;
3700;1;2;104;;;
3701;24;2;105;;;
3702;0;2;106;;;
3703;7;2;107;;;
3704;1;2;108;;;
3705;9;2;109;;;
3706;7;2;110;;;
3707;25;2;111;;;
3708;0;2;112;;;
3709;10;2;113;;;
3710;1;2;114;;;
3711;0;2;115;;;
3712;21;2;116;;;
3713;5;2;117;;;
3714;8;2;118;;;
3715;7;2;119;;;
3716;16;2;120;;;
3717;9;2;121;;;
3718;29;2;122;;;
3719;2;2;123;;;
3720;34;2;124;;;
3721;0;2;125;;;
3722;18;2;126;;;
3723;24;2;127;;;
3724;0;2;128;;;
3725;0;2;129;;;
3726;10;2;130;;;
3727;17;2;131;;;
3728;28;2;132;;;
3729;3;2;133;;;
3730;16;2;134;;;
3731;15;2;135;;;
3732;38;2;136;;;
3733;15;2;137;;;
3734;0;2;138;;;
3735;3;2;139;;;
3736;12;2;140;;;
3737;9;2;141;;;
3738;4;2;142;;;
3739;10;2;143;;;
3740;7;2;144;;;
3741;0;2;145;;;
3742;26;2;146;;;
3743;12;2;147;;;
3744;9;2;148;;;
3745;3;2;149;;;
3746;3;2;150;;;
3747;13;2;151;;;
3748;1;2;152;;;
3749;0;2;153;;;
3750;0;2;154;;;
3751;7;2;155;;;
3752;10;2;156;;;
3753;16;2;157;;;
3754;26;2;158;;;
3755;0;2;159;;;
3756;2;2;160;;;
3757;1;2;161;;;
3758;19;2;162;;;
3759;23;2;163;;;
3760;4;2;164;;;
3761;0;2;165;;;
3762;0;2;166;;;
3763;22;2;167;;;
3764;9;2;168;;;
3765;7;2;169;;;
3766;27;2;170;;;
3767;25;2;171;;;
3768;20;2;172;;;
3769;7;2;173;;;
3770;31;2;174;;;
3771;45;2;175;;;
3772;22;2;176;;;
3773;8;2;177;;;
3774;25;2;178;;;
3775;3;2;179;;;
3776;11;2;180;;;
3777;9;2;181;;;
3778;4;2;182;;;
3779;20;2;183;;;
3780;28;2;184;;;
3781;15;2;185;;;
3782;23;2;186;;;
3783;4;2;187;;;
3784;26;2;188;;;
3785;43;2;189;;;
3786;24;2;190;;;
3787;29;2;191;;;
3788;22;2;192;;;
3789;33;2;193;;;
3790;0;2;194;;;
3791;8;2;195;;;
3792;24;2;196;;;
3793;14;2;197;;;
3794;25;2;198;;;
3795;0;2;199;;;
3796;12;2;200;;;
3797;17;2;201;;;
3798;8;2;202;;;
3799;2;2;203;;;
3800;11;2;204;;;
3801;6;2;205;;;
3802;26;2;206;;;
3803;10;2;207;;;
3804;17;2;208;;;
3805;4;2;209;;;
3806;27;2;210;;;
3807;24;2;211;;;
3808;12;2;212;;;
3809;1;2;213;;;
3810;0;2;214;;;
3811;10;2;215;;;
3812;25;2;216;;;
3813;15;2;217;;;
3814;17;2;218;;;
3815;21;2;219;;;
3816;4;2;220;;;
3817;21;2;221;;;
3818;1;2;222;;;
3819;32;2;223;;;
3820;31;2;224;;;
3821;8;2;225;;;
3822;26;2;226;;;
3823;9;2;227;;;
3824;25;2;228;;;
3825;12;2;229;;;
3826;7;2;230;;;
3827;2;2;231;;;
3828;19;2;232;;;
3829;4;2;233;;;
3830;34;2;234;;;
3831;0;2;235;;;
3832;30;2;236;;;
3833;14;2;237;;;
3834;1;2;238;;;
3835;14;2;239;;;
3836;15;2;240;;;
3837;33;2;241;;;
3838;9;2;242;;;
3839;0;2;243;;;
3840;10;2;244;;;
3841;1;2;245;;;
3842;1;2;246;;;
3843;12;2;247;;;
3844;12;2;248;;;
3845;1;2;249;;;
3846;0;2;250;;;
3847;31;2;251;;;
3848;1;2;252;;;
3849;39;2;253;;;
3850;20;2;254;;;
3851;5;2;255;;;
3852;3;2;256;;;
3853;8;2;257;;;
3854;13;2;258;;;
3855;4;2;259;;;
3856;0;2;260;;;
3857;1;2;261;;;
3858;17;2;262;;;
3859;4;2;263;;;
3860;5;2;264;;;
3861;14;2;265;;;
3862;8;2;266;;;
3863;11;2;267;;;
3864;14;2;268;;;
3865;24;2;269;;;
3866;18;2;270;;;
3867;10;2;271;;;
3868;8;2;272;;;
3869;6;2;273;;;
3870;33;2;274;;;
3871;47;2;275;;;
3872;0;2;276;;;
3873;5;2;277;;;
3874;13;2;278;;;
3875;28;2;279;;;
3876;42;2;280;;;
3877;1;2;281;;;
3878;7;2;282;;;
3879;13;2;283;;;
3880;0;2;284;;;
3881;4;2;285;;;
3882;6;2;286;;;
3883;4;2;287;;;
3884;0;2;288;;;
3885;17;2;289;;;
3886;1;2;290;;;
3887;10;2;291;;;
3888;22;2;292;;;
3889;27;2;293;;;
3890;5;2;294;;;
3891;27;2;295;;;
3892;32;2;296;;;
3893;9;2;297;;;
3894;25;2;298;;;
3895;27;2;299;;;
3896;26;2;300;;;
3897;16;2;301;;;
3898;21;2;302;;;
3899;15;2;303;;;
3900;6;2;304;;;
3901;0;2;305;;;
3902;0;2;306;;;
3903;16;2;307;;;
3904;3;2;308;;;
3905;28;2;309;;;
3906;0;2;310;;;
3907;2;2;311;;;
3908;47;2;312;;;
3909;2;2;313;;;
3910;25;2;314;;;
3911;0;2;315;;;
3912;15;2;316;;;
3913;2;2;317;;;
3914;2;2;318;;;
3915;20;2;319;;;
3916;28;2;320;;;
3917;0;2;321;;;
3918;21;2;322;;;
3919;17;2;323;;;
3920;7;2;324;;;
3921;3;2;325;;;
3922;7;2;326;;;
3923;32;2;327;;;
3924;12;2;328;;;
3925;25;2;329;;;
3926;14;2;330;;;
3927;11;2;331;;;
3928;25;2;332;;;
3929;21;2;333;;;
3930;27;2;334;;;
3931;26;2;335;;;
3932;5;2;336;;;
3933;0;2;337;;;
3934;27;2;338;;;
3935;2;2;339;;;
3936;11;2;340;;;
3937;6;2;341;;;
3938;1;2;342;;;
3939;23;2;343;;;
3940;30;2;344;;;
3941;0;2;345;;;
3942;14;2;346;;;
3943;2;2;347;;;
3944;0;2;348;;;
3945;2;2;349;;;
3946;9;2;350;;;
3947;0;2;351;;;
3948;1;2;352;;;
3949;11;2;353;;;
3950;9;2;354;;;
3951;40;2;355;;;
3952;5;2;356;;;
3953;0;2;357;;;
3954;13;2;358;;;
3955;6;2;359;;;
3956;30;2;360;;;
3957;18;2;361;;;
3958;3;2;362;;;
3959;6;2;363;;;
3960;3;2;364;;;
3961;12;2;365;;;
3962;2;2;366;;;
3963;15;2;367;;;
3964;6;2;368;;;
3965;6;2;369;;;
3966;6;2;370;;;
3967;38;2;371;;;
3968;4;2;372;;;
3969;6;2;373;;;
3970;1;2;374;;;
3971;17;2;375;;;
3972;3;2;376;;;
3973;2;2;377;;;
3974;35;2;378;;;
3975;8;2;379;;;
3976;25;2;380;;;
3977;0;2;381;;;
3978;6;2;382;;;
3979;7;2;383;;;
3980;27;2;384;;;
3981;11;2;385;;;
3982;9;2;386;;;
3983;9;2;387;;;
3984;3;2;388;;;
3985;29;2;389;;;
3986;0;2;390;;;
3987;1;2;391;;;
3988;2;2;392;;;
3989;8;2;393;;;
3990;44;2;394;;;
3991;0;2;395;;;
3992;11;2;396;;;
3993;12;2;397;;;
3994;4;2;398;;;
3995;33;2;399;;;
3996;10;2;400;;;
3997;34;2;401;;;
3998;12;2;402;;;
3999;1;2;403;;;
4000;0;2;404;;;
4001;11;2;405;;;
4002;33;2;406;;;
4003;21;2;407;;;
4004;0;2;408;;;
4005;9;2;409;;;
4006;9;2;410;;;
4007;3;2;411;;;
4008;4;2;412;;;
4009;0;2;413;;;
4010;0;2;414;;;
4011;11;2;415;;;
4012;44;2;416;;;
4013;39;2;417;;;
4014;3;2;418;;;
4015;1;2;419;;;
4016;20;2;420;;;
4017;5;2;421;;;
4018;17;2;422;;;
4019;16;2;423;;;
4020;13;2;424;;;
4021;3;2;425;;;
4022;4;2;426;;;
4023;8;2;427;;;
4024;7;2;428;;;
4025;23;2;429;;;
4026;23;2;430;;;
4027;0;2;431;;;
4028;21;2;432;;;
4029;1;2;433;;;
4030;16;2;434;;;
4031;13;2;435;;;
4032;1;2;436;;;
4033;6;2;437;;;
4034;45;2;438;;;
4035;13;2;439;;;
4036;7;2;440;;;
4037;16;2;441;;;
4038;22;2;442;;;
4039;0;2;443;;;
4040;25;2;444;;;
4041;21;2;445;;;
4042;1;2;446;;;
4043;48;2;447;;;
4044;8;2;448;;;
4045;11;2;449;;;
4046;1;2;450;;;
4047;0;2;451;;;
4048;2;2;452;;;
4049;7;2;453;;;
4050;0;2;454;;;
4051;4;2;455;;;
4052;13;2;456;;;
4053;11;2;457;;;
4054;12;2;458;;;
4055;7;2;459;;;
4056;22;2;460;;;
4057;2;2;461;;;
4058;4;2;462;;;
4059;2;2;463;;;
4060;12;2;464;;;
4061;34;2;465;;;
4062;13;2;466;;;
4063;14;2;467;;;
4064;36;2;468;;;
4065;8;2;469;;;
4066;26;2;470;;;
4067;9;2;471;;;
4068;10;2;472;;;
4069;2;2;473;;;
4070;1;2;474;;;
4071;21;2;475;;;
4072;19;2;476;;;
4073;10;2;477;;;
4074;14;2;478;;;
4075;3;2;479;;;
4076;13;2;480;;;
4077;21;2;481;;;
4078;2;2;482;;;
4079;1;2;483;;;
4080;3;2;484;;;
4081;14;2;485;;;
4082;11;2;486;;;
4083;1;2;487;;;
4084;6;2;488;;;
4085;8;2;489;;;
4086;5;2;490;;;
4087;6;2;491;;;
4088;2;2;492;;;
4089;15;2;493;;;
4090;8;2;494;;;
4091;2;2;495;;;
4092;11;2;496;;;
4093;10;2;497;;;
4094;8;2;498;;;
4095;15;2;499;;;
4096;7;2;500;;;
4097;2;2;501;;;
4098;2;2;502;;;
4099;17;2;503;;;
4100;14;2;504;;;
4101;1;2;505;;;
4102;15;2;506;;;
4103;0;2;507;;;
4104;2;2;508;;;
4105;11;2;509;;;
4106;6;2;510;;;
4107;6;2;511;;;
4108;7;2;512;;;
4109;5;2;513;;;
4110;6;2;514;;;
4111;31;2;515;;;
4112;25;2;516;;;
4113;4;2;517;;;
4114;25;2;518;;;
4115;8;2;519;;;
4116;2;2;520;;;
4117;31;2;521;;;
4118;18;2;522;;;
4119;6;2;523;;;
4120;18;2;524;;;
4121;26;2;525;;;
4122;0;2;526;;;
4123;10;2;527;;;
4124;3;2;528;;;
4125;7;2;529;;;
4126;16;2;530;;;
4127;2;2;531;;;
4128;23;2;532;;;
4129;32;2;533;;;
4130;2;2;534;;;
4131;24;2;535;;;
4132;4;2;536;;;
4133;7;2;537;;;
4134;0;2;538;;;
4135;10;2;539;;;
4136;17;2;540;;;
4137;1;2;541;;;
4138;6;2;542;;;
4139;28;2;543;;;
4140;44;2;544;;;
4141;38;2;545;;;
4142;2;2;546;;;
4143;0;2;547;;;
4144;28;2;548;;;
4145;7;2;549;;;
4146;15;2;550;;;
4147;15;2;551;;;
4148;1;2;552;;;
4149;19;2;553;;;
4150;19;2;554;;;
4151;23;2;555;;;
4152;1;2;556;;;
4153;11;2;557;;;
4154;7;2;558;;;
4155;2;2;559;;;
4156;31;2;560;;;
4157;3;2;561;;;
4158;30;2;562;;;
4159;4;2;563;;;
4160;9;2;564;;;
4161;37;2;565;;;
4162;7;2;566;;;
4163;14;2;567;;;
4164;6;2;568;;;
4165;19;2;569;;;
4166;7;2;570;;;
4167;30;2;571;;;
4168;31;2;572;;;
4169;3;2;573;;;
4170;44;2;574;;;
4171;25;2;575;;;
4172;1;2;576;;;
4173;0;2;577;;;
4174;5;2;578;;;
4175;29;2;579;;;
4176;9;2;580;;;
4177;9;2;581;;;
4178;0;2;582;;;
4179;13;2;583;;;
4180;1;2;584;;;
4181;1;2;585;;;
4182;6;2;586;;;
4183;4;2;587;;;
4184;4;2;588;;;
4185;29;2;589;;;
4186;8;2;590;;;
4187;10;2;591;;;
4188;36;2;592;;;
4189;7;2;593;;;
4190;24;2;594;;;
4191;9;2;595;;;
4192;24;2;596;;;
4193;23;2;597;;;
4194;27;2;598;;;
4195;3;2;599;;;
4196;1;2;600;;;
4197;3;2;601;;;
4198;2;2;602;;;
4199;2;2;603;;;
4200;31;2;604;;;
4201;15;2;605;;;
4202;5;2;606;;;
4203;7;2;607;;;
4204;20;2;608;;;
4205;50;2;609;;;
4206;32;2;610;;;
4207;26;2;611;;;
4208;2;2;612;;;
4209;27;2;613;;;
4210;13;2;614;;;
4211;5;2;615;;;
4212;22;2;616;;;
4213;38;2;617;;;
4214;39;2;618;;;
4215;1;2;619;;;
4216;4;2;620;;;
4217;19;2;621;;;
4218;0;2;622;;;
4219;4;2;623;;;
4220;1;2;624;;;
4221;30;2;625;;;
4222;17;2;626;;;
4223;15;2;627;;;
4224;45;2;628;;;
4225;1;2;629;;;
4226;2;2;630;;;
4227;1;2;631;;;
4228;24;2;632;;;
4229;5;2;633;;;
4230;1;2;634;;;
4231;0;2;635;;;
4232;0;2;636;;;
4233;10;2;637;;;
4234;14;2;638;;;
4235;1;2;639;;;
4236;10;2;640;;;
4237;2;2;641;;;
4238;6;2;642;;;
4239;20;2;643;;;
4240;21;2;644;;;
4241;1;2;645;;;
4242;7;2;646;;;
4243;2;2;647;;;
4244;2;2;648;;;
4245;40;2;649;;;
4246;10;2;650;;;
4247;6;2;651;;;
4248;14;2;652;;;
4249;16;2;653;;;
4250;10;2;654;;;
4251;8;2;655;;;
4252;9;2;656;;;
4253;6;2;657;;;
4254;35;2;658;;;
4255;1;2;659;;;
4256;26;2;660;;;
4257;14;2;661;;;
4258;7;2;662;;;
4259;8;2;663;;;
4260;1;2;664;;;
4261;21;2;665;;;
4262;3;2;666;;;
4263;22;2;667;;;
4264;0;2;668;;;
4265;23;2;669;;;
4266;2;2;670;;;
4267;5;2;671;;;
4268;0;2;672;;;
4269;8;2;673;;;
4270;15;2;674;;;
4271;5;2;675;;;
4272;43;2;676;;;
4273;9;2;677;;;
4274;3;2;678;;;
4275;4;2;679;;;
4276;10;2;680;;;
4277;10;2;681;;;
4278;0;2;682;;;
4279;14;2;683;;;
4280;2;2;684;;;
4281;31;2;685;;;
4282;11;2;686;;;
4283;27;2;687;;;
4284;0;2;688;;;
4285;14;2;689;;;
4286;2;2;690;;;
4287;8;2;691;;;
4288;12;2;692;;;
4289;0;2;693;;;
4290;1;2;694;;;
4291;22;2;695;;;
4292;2;2;696;;;
4293;11;2;697;;;
4294;0;2;698;;;
4295;0;2;699;;;
4296;2;2;700;;;
4297;0;2;701;;;
4298;11;2;702;;;
4299;8;2;703;;;
4300;2;2;704;;;
4301;6;2;705;;;
4302;3;2;706;;;
4303;22;2;707;;;
4304;10;2;708;;;
4305;9;2;709;;;
4306;39;2;710;;;
4307;1;2;711;;;
4308;41;2;712;;;
4309;21;2;713;;;
4310;5;2;714;;;
4311;19;2;715;;;
4312;10;2;716;;;
4313;9;2;717;;;
4314;26;2;718;;;
4315;21;2;719;;;
4316;6;2;720;;;
4317;16;2;721;;;
4318;15;2;722;;;
4319;1;2;723;;;
4320;6;2;724;;;
4321;3;2;725;;;
4322;4;2;726;;;
4323;3;2;727;;;
4324;35;2;728;;;
4325;21;2;729;;;
4326;21;2;730;;;
4327;20;2;731;;;
4328;7;2;732;;;
4329;16;2;733;;;
4330;24;2;734;;;
4331;35;2;735;;;
4332;0;2;736;;;
4333;1;2;737;;;
4334;13;2;738;;;
4335;16;2;739;;;
4336;0;2;740;;;
4337;5;2;741;;;
4338;2;2;742;;;
4339;47;2;743;;;
4340;2;2;744;;;
4341;12;2;745;;;
4342;9;2;746;;;
4343;4;2;747;;;
4344;1;2;748;;;
4345;11;2;749;;;
4346;2;2;750;;;
4347;6;2;751;;;
4348;25;2;752;;;
4349;1;2;753;;;
4350;6;2;754;;;
4351;12;2;755;;;
4352;8;2;756;;;
4353;1;2;757;;;
4354;9;2;758;;;
4355;11;2;759;;;
4356;8;2;760;;;
4357;7;2;761;;;
4358;20;2;762;;;
4359;0;2;763;;;
4360;12;2;764;;;
4361;23;2;765;;;
4362;21;2;766;;;
4363;14;2;767;;;
4364;26;2;768;;;
4365;4;2;769;;;
4366;0;2;770;;;
4367;14;2;771;;;
4368;6;2;772;;;
4369;3;2;773;;;
4370;14;2;774;;;
4371;12;2;775;;;
4372;6;2;776;;;
4373;2;2;777;;;
4374;12;2;778;;;
4375;18;2;779;;;
4376;15;2;780;;;
4377;3;2;781;;;
4378;7;2;782;;;
4379;5;2;783;;;
4380;27;2;784;;;
4381;3;2;785;;;
4382;12;2;786;;;
4383;8;2;787;;;
4384;21;2;788;;;
4385;3;2;789;;;
4386;8;2;790;;;
4387;9;2;791;;;
4388;20;2;792;;;
4389;24;2;793;;;
4390;7;2;794;;;
4391;5;2;795;;;
4392;1;2;796;;;
4393;1;2;797;;;
4394;1;2;798;;;
4395;1;2;799;;;
4396;4;2;800;;;
4397;21;2;801;;;
4398;0;2;802;;;
4399;23;2;803;;;
4400;11;2;804;;;
4401;0;2;805;;;
4402;21;2;806;;;
4403;0;2;807;;;
4404;3;2;808;;;
4405;0;2;809;;;
4406;1;2;810;;;
4407;0;2;811;;;
4408;1;2;812;;;
4409;19;2;813;;;
4410;29;2;814;;;
4411;2;2;815;;;
4412;0;2;816;;;
4413;6;2;817;;;
4414;27;2;818;;;
4415;8;2;819;;;
4416;30;2;820;;;
4417;1;2;821;;;
4418;7;2;822;;;
4419;1;2;823;;;
4420;23;2;824;;;
4421;41;2;825;;;
4422;3;2;826;;;
4423;3;2;827;;;
4424;16;2;828;;;
4425;4;2;829;;;
4426;4;2;830;;;
4427;22;2;831;;;
4428;9;2;832;;;
4429;2;2;833;;;
4430;4;2;834;;;
4431;14;2;835;;;
4432;32;2;836;;;
4433;20;2;837;;;
4434;2;2;838;;;
4435;2;2;839;;;
4436;45;2;840;;;
4437;2;2;841;;;
4438;31;2;842;;;
4439;5;2;843;;;
4440;4;2;844;;;
4441;0;2;845;;;
4442;0;2;846;;;
4443;40;2;847;;;
4444;0;2;848;;;
4445;3;2;849;;;
4446;6;2;850;;;
4447;0;2;851;;;
4448;7;2;852;;;
4449;40;2;853;;;
4450;15;2;854;;;
4451;6;2;855;;;
4452;13;2;856;;;
4453;17;2;857;;;
4454;0;2;858;;;
4455;8;2;859;;;
4456;2;2;860;;;
4457;2;2;861;;;
4458;38;2;862;;;
4459;20;2;863;;;
4460;21;2;864;;;
4461;10;2;865;;;
4462;41;2;866;;;
4463;22;2;867;;;
4464;3;2;868;;;
4465;5;2;869;;;
4466;5;2;870;;;
4467;24;2;871;;;
4468;24;2;872;;;
4469;31;2;873;;;
4470;12;2;874;;;
4471;25;2;875;;;
4472;32;2;876;;;
4473;28;2;877;;;
4474;13;2;878;;;
4475;13;2;879;;;
4476;36;2;880;;;
4477;23;2;881;;;
4478;1;2;882;;;
4479;11;2;883;;;
4480;0;2;884;;;
4481;5;2;885;;;
4482;6;2;886;;;
4483;37;2;887;;;
4484;2;2;888;;;
4485;11;2;889;;;
4486;29;2;890;;;
4487;35;2;891;;;
4488;23;2;892;;;
4489;1;2;893;;;
4490;6;2;894;;;
4491;8;2;895;;;
4492;6;2;896;;;
4493;35;2;897;;;
4494;8;2;898;;;
4495;32;2;899;;;
4496;10;2;900;;;
4497;4;2;901;;;
4498;1;2;902;;;
4499;11;2;903;;;
4500;20;2;904;;;
4501;5;2;905;;;
4502;11;2;906;;;
4503;16;2;907;;;
4504;4;2;908;;;
4505;4;2;909;;;
4506;5;2;910;;;
4507;0;2;911;;;
4508;8;2;912;;;
4509;8;2;913;;;
4510;8;2;914;;;
4511;0;2;915;;;
4512;0;2;916;;;
4513;1;2;917;;;
4514;5;2;918;;;
4515;5;2;919;;;
4516;28;2;920;;;
4517;18;2;921;;;
4518;13;2;922;;;
4519;9;2;923;;;
4520;4;2;924;;;
4521;11;2;925;;;
4522;26;2;926;;;
4523;8;2;927;;;
4524;1;2;928;;;
4525;4;2;929;;;
4526;15;2;930;;;
4527;2;2;931;;;
4528;13;2;932;;;
4529;9;2;933;;;
4530;2;2;934;;;
4531;9;2;935;;;
4532;24;2;936;;;
4533;0;2;937;;;
4534;18;2;938;;;
4535;17;2;939;;;
4536;1;2;940;;;
4537;25;2;941;;;
4538;19;2;942;;;
4539;10;2;943;;;
4540;1;2;944;;;
4541;22;2;945;;;
4542;2;2;946;;;
4543;0;2;947;;;
4544;21;2;948;;;
4545;28;2;949;;;
4546;11;2;950;;;
4547;5;2;951;;;
4548;16;2;952;;;
4549;11;2;953;;;
4550;23;2;954;;;
4551;0;2;955;;;
4552;0;2;956;;;
4553;15;2;957;;;
4554;15;2;958;;;
4555;13;2;959;;;
4556;9;2;960;;;
4557;18;2;961;;;
4558;25;2;962;;;
4559;0;2;963;;;
4560;16;2;964;;;
4561;7;2;965;;;
4562;4;2;966;;;
4563;3;2;967;;;
4564;21;2;968;;;
4565;10;2;969;;;
4566;24;2;970;;;
4567;36;2;971;;;
4568;2;2;972;;;
4569;3;2;973;;;
4570;4;2;974;;;
4571;12;2;975;;;
4572;0;2;976;;;
4573;12;2;977;;;
4574;6;2;978;;;
4575;0;2;979;;;
4576;9;2;980;;;
4577;19;2;981;;;
4578;9;2;982;;;
4579;3;2;983;;;
4580;2;2;984;;;
4581;12;2;985;;;
4582;6;2;986;;;
4583;3;2;987;;;
4584;8;2;988;;;
4585;12;2;989;;;
4586;7;2;990;;;
4587;28;2;991;;;
4588;7;2;992;;;
4589;7;2;993;;;
4590;20;2;994;;;
4591;4;2;995;;;
4592;3;2;996;;;
4593;9;2;997;;;
4594;46;2;998;;;
4595;2;2;999;;;
4596;19;2;1000;;;
4597;13;2;1001;;;
4598;6;2;1002;;;
4599;16;2;1003;;;
4600;1;2;1004;;;
4601;32;2;1005;;;
4602;31;2;1006;;;
4603;12;2;1007;;;
4604;1;2;1008;;;
4605;23;2;1009;;;
4606;19;2;1010;;;
4607;0;2;1011;;;
4608;1;2;1012;;;
4609;13;2;1013;;;
4610;6;2;1014;;;
4611;3;2;1015;;;
4612;36;2;1016;;;
4613;6;2;1017;;;
4614;0;2;1018;;;
4615;33;2;1019;;;
4616;19;2;1020;;;
4617;7;2;1021;;;
4618;3;2;1022;;;
4619;18;2;1023;;;
4620;31;2;1024;;;
4621;6;2;1025;;;
4622;20;2;1026;;;
4623;30;2;1027;;;
4624;7;2;1028;;;
4625;0;2;1029;;;
4626;4;2;1030;;;
4627;14;2;1031;;;
4628;3;2;1032;;;
4629;10;2;1033;;;
4630;17;2;1034;;;
4631;9;2;1035;;;
4632;7;2;1036;;;
4633;13;2;1037;;;
4634;6;2;1038;;;
4635;4;2;1039;;;
4636;2;2;1040;;;
4637;9;2;1041;;;
4638;14;2;1042;;;
4639;5;2;1043;;;
4640;8;2;1044;;;
4641;2;2;1045;;;
4642;6;2;1046;;;
4643;0;2;1047;;;
4644;38;2;1048;;;
4645;32;2;1049;;;
4646;6;2;1050;;;
4647;11;2;1051;;;
4648;9;2;1052;;;
4649;2;2;1053;;;
4650;5;2;1054;;;
4651;3;2;1055;;;
4652;11;2;1056;;;
4653;17;2;1057;;;
4654;14;2;1058;;;
4655;18;2;1059;;;
4656;0;2;1060;;;
4657;0;2;1061;;;
4658;22;2;1062;;;
4659;41;2;1063;;;
4660;4;2;1064;;;
4661;7;2;1065;;;
4662;6;2;1066;;;
4663;2;2;1067;;;
4664;1;2;1068;;;
4665;0;2;1069;;;
4666;24;2;1070;;;
4667;2;2;1071;;;
4668;30;2;1072;;;
4669;8;2;1073;;;
4670;13;2;1074;;;
4671;32;2;1075;;;
4672;0;2;1076;;;
4673;11;2;1077;;;
4674;3;2;1078;;;
4675;1;2;1079;;;
4676;35;2;1080;;;
4677;13;2;1081;;;
4678;17;2;1082;;;
4679;8;2;1083;;;
4680;1;2;1084;;;
4681;1;2;1085;;;
4682;22;2;1086;;;
4683;25;2;1087;;;
4684;27;2;1088;;;
4685;8;2;1089;;;
4686;9;2;1090;;;
4687;10;2;1091;;;
4688;16;2;1092;;;
4689;9;2;1093;;;
4690;7;2;1094;;;
4691;3;2;1095;;;
4692;5;2;1096;;;
4693;5;2;1097;;;
4694;0;2;1098;;;
4695;19;2;1099;;;
4696;25;2;1100;;;
4697;2;2;1101;;;
4698;3;2;1102;;;
4699;5;2;1103;;;
4700;10;2;1104;;;
4701;0;2;1105;;;
4702;29;2;1106;;;
4703;18;2;1107;;;
4704;1;2;1108;;;
4705;0;2;1109;;;
4706;16;2;1110;;;
4707;5;2;1111;;;
4708;1;2;1112;;;
4709;17;2;1113;;;
4710;3;2;1114;;;
4711;9;2;1115;;;
4712;19;2;1116;;;
4713;46;2;1117;;;
4714;2;2;1118;;;
4715;7;2;1119;;;
4716;16;2;1120;;;
4717;39;2;1121;;;
4718;19;2;1122;;;
4719;0;2;1123;;;
4720;1;2;1124;;;
4721;3;2;1125;;;
4722;3;2;1126;;;
4723;19;2;1127;;;
4724;2;2;1128;;;
4725;36;2;1129;;;
4726;17;2;1130;;;
4727;12;2;1131;;;
4728;0;2;1132;;;
4729;26;2;1133;;;
4730;28;2;1134;;;
4731;16;2;1135;;;
4732;31;2;1136;;;
4733;5;2;1137;;;
4734;8;2;1138;;;
4735;6;2;1139;;;
4736;16;2;1140;;;
4737;3;2;1141;;;
4738;1;2;1142;;;
4739;12;2;1143;;;
4740;28;2;1144;;;
4741;2;2;1145;;;
4742;11;2;1146;;;
4743;9;2;1147;;;
4744;5;2;1148;;;
4745;35;2;1149;;;
4746;0;2;1150;;;
4747;29;2;1151;;;
4748;7;2;1152;;;
4749;28;2;1153;;;
4750;9;2;1154;;;
4751;25;2;1155;;;
4752;18;2;1156;;;
4753;4;2;1157;;;
4754;4;2;1158;;;
4755;1;2;1159;;;
4756;28;2;1160;;;
4757;22;2;1161;;;
4758;9;2;1162;;;
4759;7;2;1163;;;
4760;9;2;1164;;;
4761;0;2;1165;;;
4762;4;2;1166;;;
4763;24;2;1167;;;
4764;8;2;1168;;;
4765;38;2;1169;;;
4766;11;2;1170;;;
4767;41;2;1171;;;
4768;17;2;1172;;;
4769;2;2;1173;;;
4770;31;2;1174;;;
4771;8;2;1175;;;
4772;1;2;1176;;;
4773;35;2;1177;;;
4774;15;2;1178;;;
4775;12;2;1179;;;
4776;5;2;1180;;;
4777;2;2;1181;;;
4778;17;2;1182;;;
4779;34;2;1183;;;
4780;19;2;1184;;;
4781;14;2;1185;;;
4782;33;2;1186;;;
4783;31;2;1187;;;
4784;12;2;1188;;;
4785;13;2;1189;;;
4786;24;2;1190;;;
4787;29;2;1191;;;
4788;30;2;1192;;;
4789;2;2;1193;;;
4790;9;2;1194;;;
4791;32;2;1195;;;
4792;7;2;1196;;;
4793;0;2;1197;;;
4794;24;2;1198;;;
4795;8;2;1199;;;
4796;11;2;1200;;;
4797;1;2;1201;;;
4798;13;2;1202;;;
4799;5;2;1203;;;
4800;38;2;1204;;;
4801;39;2;1205;;;
4802;42;2;1206;;;
4803;2;2;1207;;;
4804;25;2;1208;;;
4805;0;2;1209;;;
4806;4;2;1210;;;
4807;28;2;1211;;;
4808;13;2;1212;;;
4809;0;2;1213;;;
4810;4;2;1214;;;
4811;42;2;1215;;;
4812;25;2;1216;;;
4813;0;2;1217;;;
4814;3;2;1218;;;
4815;5;2;1219;;;
4816;4;2;1220;;;
4817;3;2;1221;;;
4818;24;2;1222;;;
4819;32;2;1223;;;
4820;2;2;1224;;;
4821;1;2;1225;;;
4822;5;2;1226;;;
4823;42;2;1227;;;
4824;6;2;1228;;;
4825;2;2;1229;;;
4826;27;2;1230;;;
4827;13;2;1231;;;
4828;2;2;1232;;;
4829;4;2;1233;;;
4830;7;2;1234;;;
4831;7;2;1235;;;
4832;0;2;1236;;;
4833;0;2;1237;;;
4834;13;2;1238;;;
4835;10;2;1239;;;
4836;3;2;1240;;;
4837;24;2;1241;;;
4838;40;2;1242;;;
4839;12;2;1243;;;
4840;3;2;1244;;;
4841;20;2;1245;;;
4842;6;2;1246;;;
4843;17;2;1247;;;
4844;14;2;1248;;;
4845;27;2;1249;;;
4846;6;2;1250;;;
4847;9;2;1251;;;
4848;21;2;1252;;;
4849;27;2;1253;;;
4850;8;2;1254;;;
4851;30;2;1255;;;
4852;9;2;1256;;;
4853;7;2;1257;;;
4854;0;2;1258;;;
4855;42;2;1259;;;
4856;28;2;1260;;;
4857;3;2;1261;;;
4858;0;2;1262;;;
4859;20;2;1263;;;
4860;17;2;1264;;;
4861;0;2;1265;;;
4862;24;2;1266;;;
4863;3;2;1267;;;
4864;5;2;1268;;;
4865;16;2;1269;;;
4866;12;2;1270;;;
4867;2;2;1271;;;
4868;2;2;1272;;;
4869;25;2;1273;;;
4870;18;2;1274;;;
4871;9;2;1275;;;
4872;7;2;1276;;;
4873;11;2;1277;;;
4874;11;2;1278;;;
4875;35;2;1279;;;
4876;2;2;1280;;;
4877;1;2;1281;;;
4878;7;2;1282;;;
4879;1;2;1283;;;
4880;5;2;1284;;;
4881;12;2;1285;;;
4882;1;2;1286;;;
4883;13;2;1287;;;
4884;10;2;1288;;;
4885;6;2;1289;;;
4886;2;2;1290;;;
4887;35;2;1291;;;
4888;48;2;1292;;;
4889;10;2;1293;;;
4890;17;2;1294;;;
4891;1;2;1295;;;
4892;3;2;1296;;;
4893;17;2;1297;;;
4894;22;2;1298;;;
4895;19;2;1299;;;
4896;22;2;1300;;;
4897;8;2;1301;;;
4898;7;2;1302;;;
4899;10;2;1303;;;
4900;5;2;1304;;;
4901;0;2;1305;;;
4902;30;2;1306;;;
4903;6;2;1307;;;
4904;17;2;1308;;;
4905;23;2;1309;;;
4906;7;2;1310;;;
4907;20;2;1311;;;
4908;10;2;1312;;;
4909;23;2;1313;;;
4910;6;2;1314;;;
4911;6;2;1315;;;
4912;2;2;1316;;;
4913;2;2;1317;;;
4914;15;2;1318;;;
4915;5;2;1319;;;
4916;14;2;1320;;;
4917;32;2;1321;;;
4918;33;2;1322;;;
4919;18;2;1323;;;
4920;14;2;1324;;;
4921;11;2;1325;;;
4922;12;2;1326;;;
4923;11;2;1327;;;
4924;18;2;1328;;;
4925;0;2;1329;;;
4926;0;2;1330;;;
4927;13;2;1331;;;
4928;10;2;1332;;;
4929;2;2;1333;;;
4930;5;2;1334;;;
4931;28;2;1335;;;
4932;21;2;1336;;;
4933;2;2;1337;;;
4934;6;2;1338;;;
4935;5;2;1339;;;
4936;22;2;1340;;;
4937;4;2;1341;;;
4938;10;2;1342;;;
4939;18;2;1343;;;
4940;7;2;1344;;;
4941;0;2;1345;;;
4942;34;2;1346;;;
4943;4;2;1347;;;
4944;23;2;1348;;;
4945;6;2;1349;;;
4946;21;2;1350;;;
4947;10;2;1351;;;
4948;0;2;1352;;;
4949;16;2;1353;;;
4950;23;2;1354;;;
4951;0;2;1355;;;
4952;4;2;1356;;;
4953;0;2;1357;;;
4954;8;2;1358;;;
4955;3;2;1359;;;
4956;37;2;1360;;;
4957;6;2;1361;;;
4958;6;2;1362;;;
4959;3;2;1363;;;
4960;2;2;1364;;;
4961;9;2;1365;;;
4962;3;2;1366;;;
4963;5;2;1367;;;
4964;40;2;1368;;;
4965;4;2;1369;;;
4966;9;2;1370;;;
4967;4;2;1371;;;
4968;0;2;1372;;;
4969;5;2;1373;;;
4970;31;2;1374;;;
4971;10;2;1375;;;
4972;0;2;1376;;;
4973;39;2;1377;;;
4974;0;2;1378;;;
4975;28;2;1379;;;
4976;21;2;1380;;;
4977;25;2;1381;;;
4978;8;2;1382;;;
4979;7;2;1383;;;
4980;1;2;1384;;;
4981;1;2;1385;;;
4982;0;2;1386;;;
4983;2;2;1387;;;
4984;0;2;1388;;;
4985;6;2;1389;;;
4986;14;2;1390;;;
4987;21;2;1391;;;
4988;33;2;1392;;;
4989;7;2;1393;;;
4990;22;2;1394;;;
4991;0;2;1395;;;
4992;2;2;1396;;;
4993;0;2;1397;;;
4994;4;2;1398;;;
4995;4;2;1399;;;
4996;34;2;1400;;;
4997;42;2;1401;;;
4998;11;2;1402;;;
4999;8;2;1403;;;
5000;0;2;1404;;;
5001;3;2;1405;;;
5002;14;2;1406;;;
5003;4;2;1407;;;
5004;32;2;1408;;;
5005;31;2;1409;;;
5006;38;2;1410;;;
5007;19;2;1411;;;
5008;7;2;1412;;;
5009;8;2;1413;;;
5010;3;2;1414;;;
5011;1;2;1415;;;
5012;23;2;1416;;;
5013;9;2;1417;;;
5014;18;2;1418;;;
5015;0;2;1419;;;
5016;7;2;1420;;;
5017;7;2;1421;;;
5018;11;2;1422;;;
5019;12;2;1423;;;
5020;21;2;1424;;;
5021;8;2;1425;;;
5022;14;2;1426;;;
5023;3;2;1427;;;
5024;18;2;1428;;;
5025;41;2;1429;;;
5026;1;2;1430;;;
5027;0;2;1431;;;
5028;8;2;1432;;;
5029;4;2;1433;;;
5030;8;2;1434;;;
5031;12;2;1435;;;
5032;31;2;1436;;;
5033;0;2;1437;;;
5034;0;2;1438;;;
5035;8;2;1439;;;
5036;11;2;1440;;;
5037;10;2;1441;;;
5038;2;2;1442;;;
5039;3;2;1443;;;
5040;1;2;1444;;;
5041;5;2;1445;;;
5042;29;2;1446;;;
5043;21;2;1447;;;
5044;2;2;1448;;;
5045;17;2;1449;;;
5046;35;2;1450;;;
5047;0;2;1451;;;
5048;0;2;1452;;;
5049;1;2;1453;;;
5050;37;2;1454;;;
5051;2;2;1455;;;
5052;5;2;1456;;;
5053;28;2;1457;;;
5054;37;2;1458;;;
5055;15;2;1459;;;
5056;22;2;1460;;;
5057;0;2;1461;;;
5058;17;2;1462;;;
5059;3;2;1463;;;
5060;3;2;1464;;;
5061;3;2;1465;;;
5062;3;2;1466;;;
5063;3;2;1467;;;
5064;36;2;1468;;;
5065;11;2;1469;;;
5066;8;2;1470;;;
5067;0;2;1471;;;
5068;11;2;1472;;;
5069;27;2;1473;;;
5070;7;2;1474;;;
5071;6;2;1475;;;
5072;35;2;1476;;;
5073;1;2;1477;;;
5074;0;2;1478;;;
5075;23;2;1479;;;
5076;0;2;1480;;;
5077;0;2;1481;;;
5078;4;2;1482;;;
5079;37;2;1483;;;
5080;0;2;1484;;;
5081;21;2;1485;;;
5082;9;2;1486;;;
5083;5;2;1487;;;
5084;18;2;1488;;;
5085;6;2;1489;;;
5086;0;2;1490;;;
5087;11;2;1491;;;
5088;9;2;1492;;;
5089;13;2;1493;;;
5090;6;2;1494;;;
5091;13;2;1495;;;
5092;5;2;1496;;;
5093;18;2;1497;;;
5094;19;2;1498;;;
5095;1;2;1499;;;
5096;6;2;1500;;;
5097;15;2;1501;;;
5098;1;2;1502;;;
5099;13;2;1503;;;
5100;9;2;1504;;;
5101;9;2;1505;;;
5102;22;2;1506;;;
5103;15;2;1507;;;
5104;4;2;1508;;;
5105;0;2;1509;;;
5106;13;2;1510;;;
5107;5;2;1511;;;
5108;2;2;1512;;;
5109;5;2;1513;;;
5110;42;2;1514;;;
5111;0;2;1515;;;
5112;24;2;1516;;;
5113;28;2;1517;;;
5114;0;2;1518;;;
5115;7;2;1519;;;
5116;33;2;1520;;;
5117;26;2;1521;;;
5118;38;2;1522;;;
5119;13;2;1523;;;
5120;4;2;1524;;;
5121;17;2;1525;;;
5122;14;2;1526;;;
5123;7;2;1527;;;
5124;0;2;1528;;;
5125;1;2;1529;;;
5126;0;2;1530;;;
5127;0;2;1531;;;
5128;22;2;1532;;;
5129;11;2;1533;;;
5130;9;2;1534;;;
5131;23;2;1535;;;
5132;2;2;1536;;;
5133;17;2;1537;;;
5134;4;2;1538;;;
5135;22;2;1539;;;
5136;10;2;1540;;;
5137;5;2;1541;;;
5138;9;2;1542;;;
5139;22;2;1543;;;
5140;31;2;1544;;;
5141;0;2;1545;;;
5142;15;2;1546;;;
5143;7;2;1547;;;
5144;6;2;1548;;;
5145;7;2;1549;;;
5146;0;2;1550;;;
5147;5;2;1551;;;
5148;12;2;1552;;;
5149;21;2;1553;;;
5150;25;2;1554;;;
5151;11;2;1555;;;
5152;19;2;1556;;;
5153;1;2;1557;;;
5154;25;2;1558;;;
5155;22;2;1559;;;
5156;35;2;1560;;;
5157;2;2;1561;;;
5158;34;2;1562;;;
5159;9;2;1563;;;
5160;18;2;1564;;;
5161;18;2;1565;;;
5162;0;2;1566;;;
5163;17;2;1567;;;
5164;21;2;1568;;;
5165;8;2;1569;;;
5166;2;2;1570;;;
5167;10;2;1571;;;
5168;6;2;1572;;;
5169;2;2;1573;;;
5170;10;2;1574;;;
5171;14;2;1575;;;
5172;12;2;1576;;;
5173;22;2;1577;;;
5174;6;2;1578;;;
5175;35;2;1579;;;
5176;0;2;1580;;;
5177;45;2;1581;;;
5178;13;2;1582;;;
5179;5;2;1583;;;
5180;9;2;1584;;;
5181;4;2;1585;;;
5182;4;2;1586;;;
5183;2;2;1587;;;
5184;8;2;1588;;;
5185;37;2;1589;;;
5186;13;2;1590;;;
5187;0;2;1591;;;
5188;14;2;1592;;;
5189;12;2;1593;;;
5190;9;2;1594;;;
5191;5;2;1595;;;
5192;39;2;1596;;;
5193;2;2;1597;;;
5194;25;2;1598;;;
5195;6;2;1599;;;
5196;0;2;1600;;;
5197;2;2;1601;;;
5198;6;2;1602;;;
5199;22;2;1603;;;
5200;2;2;1604;;;
5201;4;2;1605;;;
5202;15;2;1606;;;
5203;9;2;1607;;;
5204;0;2;1608;;;
5205;20;2;1609;;;
5206;17;2;1610;;;
5207;39;2;1611;;;
5208;39;2;1612;;;
5209;13;2;1613;;;
5210;11;2;1614;;;
5211;20;2;1615;;;
5212;37;2;1616;;;
5213;18;2;1617;;;
5214;16;2;1618;;;
5215;8;2;1619;;;
5216;1;2;1620;;;
5217;15;2;1621;;;
5218;5;2;1622;;;
5219;23;2;1623;;;
5220;8;2;1624;;;
5221;1;2;1625;;;
5222;43;2;1626;;;
5223;4;2;1627;;;
5224;7;2;1628;;;
5225;2;2;1629;;;
5226;5;2;1630;;;
5227;0;2;1631;;;
5228;21;2;1632;;;
5229;2;2;1633;;;
5230;18;2;1634;;;
5231;22;2;1635;;;
5232;0;2;1636;;;
5233;4;2;1637;;;
5234;14;2;1638;;;
5235;2;2;1639;;;
5236;11;2;1640;;;
5237;13;2;1641;;;
5238;0;2;1642;;;
5239;1;2;1643;;;
5240;4;2;1644;;;
5241;11;2;1645;;;
5242;17;2;1646;;;
5243;1;2;1647;;;
5244;13;2;1648;;;
5245;21;2;1649;;;
5246;16;2;1650;;;
5247;36;2;1651;;;
5248;1;2;1652;;;
5249;25;2;1653;;;
5250;0;2;1654;;;
5251;13;2;1655;;;
5252;2;2;1656;;;
5253;42;2;1657;;;
5254;20;2;1658;;;
5255;2;2;1659;;;
5256;1;2;1660;;;
5257;31;2;1661;;;
5258;1;2;1662;;;
5259;10;2;1663;;;
5260;31;2;1664;;;
5261;27;2;1665;;;
5262;27;2;1666;;;
5263;0;2;1667;;;
5264;28;2;1668;;;
5265;13;2;1669;;;
5266;2;2;1670;;;
5267;20;2;1671;;;
5268;26;2;1672;;;
5269;16;2;1673;;;
5270;14;2;1674;;;
5271;1;2;1675;;;
5272;17;2;1676;;;
5273;3;2;1677;;;
5274;14;2;1678;;;
5275;21;2;1679;;;
5276;8;2;1680;;;
5277;19;2;1681;;;
5278;3;2;1682;;;
5279;3;2;1683;;;
5280;10;2;1684;;;
5281;7;2;1685;;;
5282;15;2;1686;;;
5283;10;2;1687;;;
5284;1;2;1688;;;
5285;27;2;1689;;;
5286;3;2;1690;;;
5287;13;2;1691;;;
5288;46;2;1692;;;
5289;22;2;1693;;;
5290;1;2;1694;;;
5291;0;2;1695;;;
5292;37;2;1696;;;
5293;13;2;1697;;;
5294;8;2;1698;;;
5295;8;2;1699;;;
5296;0;2;1700;;;
5297;25;2;1701;;;
5298;7;2;1702;;;
5299;34;2;1703;;;
5300;1;2;1704;;;
5301;19;2;1705;;;
5302;9;2;1706;;;
5303;1;2;1707;;;
5304;1;2;1708;;;
5305;0;2;1709;;;
5306;15;2;1710;;;
5307;5;2;1711;;;
5308;17;2;1712;;;
5309;0;2;1713;;;
5310;33;2;1714;;;
5311;14;2;1715;;;
5312;2;2;1716;;;
5313;27;2;1717;;;
5314;18;2;1718;;;
5315;26;2;1719;;;
5316;11;2;1720;;;
5317;5;2;1721;;;
5318;34;2;1722;;;
5319;0;2;1723;;;
5320;8;2;1724;;;
5321;6;2;1725;;;
5322;12;2;1726;;;
5323;1;2;1727;;;
5324;1;2;1728;;;
5325;11;2;1729;;;
5326;9;2;1730;;;
5327;6;2;1731;;;
5328;3;2;1732;;;
5329;8;2;1733;;;
5330;0;2;1734;;;
5331;17;2;1735;;;
5332;2;2;1736;;;
5333;28;2;1737;;;
5334;30;2;1738;;;
5335;3;2;1739;;;
5336;9;2;1740;;;
5337;17;2;1741;;;
5338;23;2;1742;;;
5339;15;2;1743;;;
5340;10;2;1744;;;
5341;9;2;1745;;;
5342;5;2;1746;;;
5343;1;2;1747;;;
5344;17;2;1748;;;
5345;22;2;1749;;;
5346;8;2;1750;;;
5347;0;2;1751;;;
5348;8;2;1752;;;
5349;0;2;1753;;;
5350;1;2;1754;;;
5351;25;2;1755;;;
5352;1;2;1756;;;
5353;14;2;1757;;;
5354;22;2;1758;;;
5355;11;2;1759;;;
5356;12;2;1760;;;
5357;18;2;1761;;;
5358;5;2;1762;;;
5359;0;2;1763;;;
5360;1;2;1764;;;
5361;0;2;1765;;;
5362;27;2;1766;;;
5363;11;2;1767;;;
5364;0;2;1768;;;
5365;22;2;1769;;;
5366;1;2;1770;;;
5367;27;2;1771;;;
5368;24;2;1772;;;
5369;2;2;1773;;;
5370;24;2;1774;;;
5371;11;2;1775;;;
5372;2;2;1776;;;
5373;10;2;1777;;;
5374;5;2;1778;;;
5375;3;2;1779;;;
5376;0;2;1780;;;
5377;31;2;1781;;;
5378;1;2;1782;;;
5379;17;2;1783;;;
5380;19;2;1784;;;
5381;10;2;1785;;;
5382;25;2;1786;;;
5383;14;2;1787;;;
5384;20;2;1788;;;
5385;18;2;1789;;;
5386;27;2;1790;;;
5387;24;2;1791;;;
5388;5;2;1792;;;
5389;13;2;1793;;;
5390;18;2;1794;;;
5391;19;2;1795;;;
5392;30;2;1796;;;
5393;18;2;1797;;;
5394;15;2;1798;;;
